"","gene_id","baseMean","log2FoldChange","lfcSE","stat","pvalue","padj","s-52","s-53","s-92","s-93","s-42","s-43","s-82","s-83"
"1","ASPM",874.670544229299,6.43301419124718,0.719609527782897,8.93959007333766,3.90616653144314e-19,4.62865894914228e-16,32.7598745601517,1724.7021963328,28.2115355198308,1538.09695805796,1.9217891142022,1779.73475965323,16.7355663160981,1875.20167428011
"2","KIF20A",277.610080525082,8.58776190819108,0.965045767609006,8.89881308890467,5.64470603553937e-19,4.62865894914228e-16,0,621.784730154789,3.52644193997886,542.672157509682,0,592.385456038147,2.09194578951226,458.419912768543
"3","HJURP",314.347465851217,6.56121948743689,0.764252510060308,8.5851461409255,9.07210288518326e-18,3.71956218292514e-15,9.97039660526358,680.103849672755,3.52644193997886,619.97138924798,0,586.584075075858,11.5057018423174,603.117872425586
"4","KIF18B",414.208678185813,9.47012393817622,1.09933611385128,8.61440265525321,7.03071906763542e-18,3.71956218292514e-15,0,1007.72007990604,5.28966290996828,912.604195114392,0,742.576763172954,0,645.478724383155
"5","MKI67",3879.78035159005,7.85241873558372,0.920471745535469,8.53086341179946,1.45259460713148e-17,4.76451031139126e-15,39.8815864210543,9354.2152438597,74.055280739556,6498.6568397126,0,8028.46665392287,19.8734850003665,7023.09372306428
"6","TOP2A",2323.15570721314,4.44208693104887,0.548924982666585,8.09233879185087,5.85298392721439e-16,1.59981560677193e-13,235.016491409784,4999.1492304445,326.195879448044,4316.92546228269,115.307346852132,4648.19534656265,141.206340792078,3803.24955991322
"7","AURKB",409.493590571821,7.57630821790381,0.96003256828704,7.89171999802258,2.98049850707527e-15,6.98288221657634e-13,8.54605423308306,1042.02544432837,8.81610484994714,954.408881666737,0,756.757916636327,0,505.394322860105
"8","ANLN",241.04023772826,6.3421099683295,0.8160420195075,7.77179338406753,7.73826014446417e-15,1.58634332961515e-12,11.3947389774441,703.25997065783,8.81610484994714,510.332683006925,0,357.107228123105,3.13791868426839,334.273257526559
"9","E2F8",169.25459652475,7.49741629983859,1.01443360261603,7.3907412772055,1.46012485510401e-13,2.66067195818953e-11,5.69736948872204,461.407151480381,1.76322096998943,422.77947154824,0,252.682370801908,0,209.707187908757
"10","SPC25",125.454890547952,9.10631286675292,1.25147715486558,7.27645153676895,3.42715151082548e-13,5.62052847775379e-11,0,360.206326434498,0,286.322664500021,0,208.849714642393,1.04597289475613,147.214445911948
"11","BIRC5",404.250901789602,7.22314366583225,1.00882200020901,7.15997833546031,8.06898118430077e-13,1.20301174020484e-10,12.8190813496246,1083.19188163517,8.81610484994714,868.433205549651,0,837.977250108368,0,422.769690824055
"12","DEPDC1",95.3010678326916,6.71141501962012,0.942856746375812,7.11817043831706,1.09369077575618e-12,1.49471072686677e-10,1.42434237218051,259.863135499174,3.52644193997886,231.897695214893,0,139.877740979628,2.09194578951226,123.727240866167
"13","RRM2",1545.14556297894,6.90739823435009,0.976016341244783,7.07713379628521,1.47166434350764e-12,1.85656117180964e-10,42.7302711654153,4550.6065906225,51.1334081296934,3767.94316340661,0,2427.55563377547,8.36778315804905,1512.82765357378
"14","CHRNA6",141.415766335204,-4.28610433218418,0.613840611711009,-6.98243851972772,2.90099935162552e-12,3.39831352618989e-10,287.717159180463,12.0068775478166,336.775205267981,9.46521204958747,328.625938528576,16.1149471174686,123.424801581223,17.1959894085181
"15","KIF4A",303.964080505268,5.7603793739512,0.837772659418441,6.87582640611584,6.16315148785222e-12,6.73837896005176e-10,22.7894779548882,786.450479381988,15.8689887299048,586.843147074423,0,540.173027377548,5.22986447378065,474.357659049609
"16","SKA1",264.058243994454,3.73649383839201,0.555904597200714,6.72146598032705,1.79905243523708e-11,1.844028746118e-09,45.5789559097763,585.764097511339,47.6069661897145,597.885894465609,24.9832584846286,453.796910827916,29.2872410531717,327.562627513479
"17","HIST1H3G",1211.29199476009,6.13541632001326,0.921381938363327,6.6589283602756,2.75831334146415e-11,2.66096110588306e-09,55.5493525150399,3566.04263170153,52.8966290996828,2449.12361783076,0,2292.19007798874,27.1952952636594,1247.33835368129
"18","CENPA",84.1901650852357,5.96699959906482,0.900805909684919,6.62406799834599,3.49445887262893e-11,3.18384030617302e-09,4.27302711654153,175.814992664458,0,140.400645402214,0,179.198211946251,5.22986447378065,168.604579078641
"19","DLGAP5",371.636417456973,5.67789056422887,0.871663550818987,6.51385567159956,7.3245878863921e-11,6.32227585983318e-09,27.0625050714297,800.172625150921,24.685093579852,749.329287259008,0,731.618599133075,5.22986447378065,634.993364987717
"20","CCNE2",169.319082228188,3.67059857784528,0.567316612533388,6.47010592807074,9.79342384675718e-11,8.03060755434089e-09,19.9407932105272,380.789545087898,21.1586516398731,357.311754871927,38.435782284044,284.267667152146,19.8734850003665,232.774978578721
"21","GTSE1",361.646487730065,5.61585723734691,0.889716040987847,6.31196581676965,2.75513091531938e-10,2.15162604815418e-08,31.3355321879712,897.085279644013,21.1586516398731,690.171711949087,0,716.792847785004,5.22986447378065,531.398014160791
"22","E2F7",148.444971201006,4.72471077553328,0.750927221901101,6.29183579677917,3.13733261202503e-10,2.33873885623684e-08,2.84868474436102,237.564648624657,10.5793258199366,220.066180152909,5.7653673426066,335.835497928046,23.0114036846349,351.888661310895
"23","NEK2",119.283011071141,4.78236604117566,0.761514694500772,6.28007059576289,3.3841932616486e-10,2.41307693439292e-08,12.8190813496246,240.995185066891,10.5793258199366,288.688967512418,0,219.807878682272,9.41375605280518,171.959894085181
"24","PBK",93.5332443213143,5.89007962343984,0.957844597138406,6.14930609937839,7.78226604174095e-10,5.31788179518965e-08,5.69736948872204,218.696698192374,7.05288387995771,212.967271115718,0,156.637285981795,0,147.214445911948
"25","KIF2C",424.735743601251,5.39477217478649,0.88933361352728,6.06608374262355,1.31066809473582e-09,8.59798270146698e-08,34.1842169323323,1017.15405512218,35.2644193997886,898.406377040011,0,851.513805687042,9.41375605280518,551.949318575849
"26","DIAPH3",172.913618938972,4.93917891013459,0.819763793214086,6.02512449442214,1.68979503112817e-09,9.89737089660786e-08,18.5164508383466,463.980053812056,17.6322096998943,369.143269933911,0,255.905360225402,7.32181026329292,250.809796738874
"27","FOXM1",510.692745148477,4.8436488183407,0.802491063307564,6.03576667679888,1.58209714417098e-09,9.89737089660786e-08,39.8815864210543,1181.81980434938,26.4483145498414,1116.10625418052,69.1844081112792,901.147842808845,3.13791868426839,747.815832082629
"28","TYMS",745.449160583325,5.82270857047641,0.966283868518671,6.02587786071883,1.68194168751476e-09,9.89737089660786e-08,28.4868474436102,1725.55983044336,67.0023968595982,1500.23610985961,0,1538.01055289121,8.36778315804905,1095.92976401117
"29","CDK1",454.029627583606,5.52720221430839,0.923032092923066,5.98809321656931,2.12315375331004e-09,1.20068005359602e-07,35.6085593045128,1120.92778249974,35.2644193997886,979.649447132304,0,811.54873683572,6.27583736853678,642.96223812825
"30","NCAPH",386.45889028542,4.00595696555216,0.682129065683918,5.87272580378275,4.28687202979462e-09,2.34349004295439e-07,61.246722003762,876.502060990613,82.8713855895031,782.457529432565,15.3743129136176,687.141345088862,21.9654307898787,564.112335474557
"31","SPC24",59.4054114924235,5.60511938829359,0.957698775801444,5.85269557602074,4.83668957475058e-09,2.5587648072874e-07,5.69736948872204,148.370701126591,0,140.400645402214,0,96.6896827048117,3.13791868426839,80.9469745327803
"32","MND1",47.6776596597337,6.03208841219396,1.0512151727076,5.73820523980565,9.56851181262684e-09,4.90386230397126e-07,0,133.790921247099,3.52644193997886,86.7644437878852,0,63.8151905851757,2.09194578951226,91.4323339282182
"33","CDC25C",60.9206025890147,5.92197192170951,1.03550061280712,5.71894583978635,1.07186950603559e-08,5.32686663605567e-07,1.42434237218051,147.513067016033,7.05288387995771,108.061170899457,0,103.780259436498,0,119.533097107992
"34","KCNN3",136.238551613183,5.24824939965592,0.918646285185447,5.71302522449809,1.10985220350152e-08,5.35340474630144e-07,8.54605423308306,320.755157348815,17.6322096998943,382.552320337494,0,137.299349440833,2.09194578951226,221.03137605583
"35","NDC80",264.872590900854,3.12204585591801,0.552150231781106,5.65434129375809,1.56445075527714e-08,7.3305692532986e-07,35.6085593045128,578.903024626872,54.6598500696723,418.046865523447,88.4022992533013,488.605196601649,40.7929428954891,413.961988931887
"36","MMP9",88.8938206617133,5.95112023573041,1.05820444063992,5.62379064685423,1.86812032004449e-08,8.51032590242489e-07,7.12171186090255,114.922970814816,1.76322096998943,94.6521204958747,0,431.880582748159,2.09194578951226,58.718012614452
"37","HIST1H3F",1010.95736392574,4.0162352923815,0.723374669002459,5.55208174198293,2.82287529931318e-08,1.25122040293882e-06,149.555949078954,3253.8638154583,183.3749808789,2359.20410335968,71.1061972254814,1487.7319178847,66.9422652643924,515.879682255543
"38","CDCA3",182.064510242634,4.44238915765133,0.803918082164245,5.52592267323044,3.27758476646022e-08,1.41453658341967e-06,22.7894779548882,391.938788525157,22.9218726098626,404.637815119865,0,342.281476775034,17.7815392108542,254.165111745414
"39","UBE2C",284.132157184993,5.05530567288347,0.925269529813607,5.46360331772932,4.66565511283332e-08,1.9619677910376e-06,37.0329016766933,776.158870055288,22.9218726098626,638.901813347155,0,467.978064291289,6.27583736853678,323.787898131121
"40","TUBB1",392.810414733569,-6.10310920310664,1.11999083099822,-5.44924925650247,5.05828813476977e-08,2.0738981352556e-06,51.2763253984984,3.43053644223332,1197.22703862282,11.8315150619843,59.5754625402682,5.15678307758996,1789.65962292774,24.3260337974158
"41","KIF14",265.926834598346,4.84380362850518,0.89413536489839,5.41730460359952,6.05042137445884e-08,2.42016854978354e-06,25.6381626992492,599.486243280272,38.7908613397674,494.557329590946,0,476.357836792372,7.32181026329292,485.262432820864
"42","EXO1",420.375814485555,3.53876342300501,0.661265604317974,5.35150081888029,8.72277431395003e-08,3.40603568449477e-06,86.8848847030112,916.810864186854,121.662246929271,762.738337662591,26.9050475988308,788.343212986565,31.3791868426839,628.282734974637
"43","PKMYT1",198.13015851375,4.82929576326811,0.924762025064865,5.22220380203153,1.76806223741086e-07,6.7433071380321e-06,28.4868474436102,563.465610636822,21.1586516398731,409.370421144658,0,311.340778309494,4.18389157902452,247.035067356516
"44","PLK1",537.935662763039,4.58466489344158,0.8798667095725,5.21063570602544,1.88194663548166e-07,7.01452836861345e-06,122.493444007524,1236.70838742511,29.9747564898203,1176.84136483204,5.7653673426066,994.614536090163,13.5976476318297,723.489798285213
"45","CCNA2",552.821363049511,4.87783988629475,0.940289853864656,5.18759174763663,2.13030979486971e-07,7.76379569685849e-06,82.6118575864696,1279.59009295303,40.5540823097568,1159.48847607447,0,981.07798051149,21.9654307898787,857.282984171
"46","NAV2",378.972637355993,-3.78853723049837,0.731140062818855,-5.18168463630888,2.19890771874347e-07,7.8395840407376e-06,595.375111571453,27.4442915378665,835.766739774989,22.8742624531697,234.458271932669,72.8395609709582,1162.07588607406,80.9469745327803
"47","CENPF",852.211838468442,2.99077095825329,0.578413519231726,5.17064497770689,2.33287402647675e-07,8.14024128387632e-06,262.078996481214,1856.77784935878,248.614156768509,1275.43732368191,74.9497754538858,1535.43216135241,175.72344631903,1388.68099833179
"48","FGF9",124.914498973763,-4.34627798120143,0.843808499946665,-5.15078715309949,2.59395441995518e-07,8.86267760151354e-06,282.019789691741,11.1492434372583,530.729511966818,9.46521204958747,38.435782284044,10.9581640398787,101.459370791345,15.0989175294305
"49","MAP1B",40.8011610059075,4.2091015423977,0.828975794601731,5.07747218894359,3.82489471657991e-07,1.28016884391654e-05,5.69736948872204,68.6107288446664,5.28966290996828,58.3688076391228,0,101.846465782402,5.22986447378065,81.3663889085978
"50","E2F2",395.415568752651,4.71249134420618,0.931253332944424,5.06037527866481,4.18432092146856e-07,1.37245726224169e-05,35.6085593045128,1077.18844286126,56.4230710396617,975.705608778309,0,660.068233931515,24.057376579391,334.273257526559
"51","OR2T11",21.7370366810585,-4.57611884948924,0.906571091142158,-5.04772200900863,4.47109072838376e-07,1.43776250873517e-05,61.246722003762,1.71526822111666,29.9747564898203,0.788767670798956,51.8883060834594,1.28919576939749,24.057376579391,2.9359006307226
"52","KIF11",919.005088986269,2.8172272573676,0.561768793722458,5.01492302322412,5.30547021734411e-07,1.6732636839316e-05,317.628348996254,1829.33355782092,322.669437508065,1574.38027091472,157.58670736458,1645.6583996359,116.102991317931,1388.68099833179
"53","SPN",587.195497212197,2.79216363921999,0.557643211807732,5.00707904283194,5.52622374944855e-07,1.71000131115012e-05,69.792776236845,977.702886036496,123.42546789926,1042.75086079622,182.569965849209,895.346461846557,216.516389214519,1189.45916981847
"54","NEIL3",54.526705126101,5.13748051141168,1.03407202956478,4.96820372713682,6.75759473092497e-07,2.05230654791055e-05,8.54605423308306,139.794360021008,3.52644193997886,126.202827327833,0,70.9057673168619,0,87.238190170043
"55","SDPR",433.769245797428,-4.67267343370033,0.954674000846984,-4.89452255906703,9.85446728581942e-07,2.93842297249888e-05,173.769769406022,8.5763411055833,1294.20419197224,56.7912722975248,151.821340021974,16.7595450021674,1719.57943897908,48.6520675948317
"56","KIFC1",535.388682400308,4.8320792903949,0.98956463010596,4.88303557280286,1.04465015938227e-06,3.05933260961952e-05,59.8223796315814,1289.02406816917,74.055280739556,1157.12217306207,0,999.126721283055,11.5057018423174,692.453134474717
"57","LINC00540",87.7565608856025,-2.95097458963662,0.604989596030205,-4.87772783036303,1.07314861239769e-06,3.08765565672318e-05,121.069101635343,15.4374139900499,222.165842218668,24.4517977947676,171.039231163996,12.8919576939749,107.735208159881,27.2619344281384
"58","NRP2",292.86088504136,-3.53373509242237,0.726216529095636,-4.86595244096546,1.1390690884131e-06,3.22081604309911e-05,263.503338853394,46.3122419701498,218.639400278689,30.7619391611593,1216.49250928999,69.6165715474644,458.136127903185,39.4249513268464
"59","FCRL4",1417.21401653978,-3.49509453669367,0.72132591714026,-4.84537495969947,1.26372781921551e-06,3.51273495510753e-05,5240.1555872521,370.497935761198,3020.39752159189,137.245574719018,1101.18516243786,171.463037329866,1052.24873212467,244.518581101611
"60","PRR11",622.171395040687,2.74819564246141,0.573320799159607,4.79346928715967,1.63921564290579e-06,4.48052275727584e-05,215.075698199257,1102.91746617801,192.191085728848,978.071911790706,176.804598506603,1249.87529843087,61.7124007906117,1000.72270070059
"61","QPRT",48.9431825173128,5.03334767075078,1.05501143616041,4.77089394316811,1.83410098301074e-06,4.93102559366821e-05,0,66.8954606235497,3.52644193997886,54.424969285128,0,173.396830983962,7.32181026329292,85.9799470425905
"62","PHLDA3",48.9808599936037,4.45336375391003,0.93976274139225,4.73881710538174,2.14969418983095e-06,5.6862878569722e-05,7.12171186090255,119.211141367608,1.76322096998943,112.005009253452,0,110.870836168184,7.32181026329292,33.5531500654012
"63","TIE1",17.280990000654,6.96716500552216,1.47499960494955,4.72350296375875,2.3181657927684e-06,6.03459031768281e-05,0,51.4580466334998,0,50.4811309311332,0,18.6933386562636,0,17.6154037843356
"64","BIK",55.8407447762035,3.2262328092519,0.684600040058285,4.71258051486124,2.44599386279596e-06,6.17143066920826e-05,17.0921084661661,93.4821180508579,10.5793258199366,65.4677166763134,5.7653673426066,139.233143094929,9.41375605280518,105.692422706014
"65","ESCO2",235.212128590019,4.37474612589624,0.927729376906223,4.71554122872025,2.41069070510319e-06,6.17143066920826e-05,34.1842169323323,578.045390516314,44.0805242497357,483.51458219976,0,399.650688513222,8.36778315804905,333.853843150742
"66","CCNB2",306.333294810514,4.55086057393953,0.967954432688474,4.70152356376902,2.5822745739023e-06,6.41656106242389e-05,65.5197491203035,780.44704060808,22.9218726098626,724.877489464241,0,491.828186025142,11.5057018423174,353.566318814165
"67","FCRL5",4621.59107627025,2.4379760881341,0.523207886837389,4.65966998867473,3.16716748503027e-06,7.75246966485022e-05,2330.22412088732,7522.30878370711,1311.83640167213,7584.00115473196,1251.08471334563,7075.75098033812,867.111529752832,9030.41092572691
"68","COL6A1",81.6273678957926,5.26252687214327,1.13337666915803,4.64322851824072,3.43006607602207e-06,8.1526208183713e-05,2.84868474436102,52.3156807440581,5.28966290996828,5.52137369559269,1.9217891142022,264.285132726485,6.27583736853678,314.560781863136
"69","FBXO43",22.6773794111925,5.87520627997901,1.26527230446087,4.64343229458611,3.42668319277814e-06,8.1526208183713e-05,1.42434237218051,46.3122419701498,1.76322096998943,59.9463429807207,0,36.7420794278285,0,35.2308075686712
"70","CA12",24.236121369815,5.96925208719856,1.28810820679602,4.63412317047974,3.58453534850554e-06,8.35877543937772e-05,1.42434237218051,54.8885830757331,1.76322096998943,71.777858042705,0,38.0312751972259,0,26.0036913006859
"71","TP73",285.346947184619,4.68993517600088,1.012473058911,4.6321579964264,3.61873814753548e-06,8.35877543937772e-05,17.0921084661661,60.0343877390831,29.9747564898203,58.3688076391228,9.608945571011,1144.16124534027,28.2412681584155,935.294058073058
"72","BUB1B",444.825167959101,3.02440450696915,0.673206209004524,4.49253804631624,7.0379339971457e-06,0.000160308496601652,135.312525357149,856.776476447771,81.1081646195137,765.893408345786,21.1396802562242,747.088948365845,150.620096844883,800.662043435635
"73","TROAP",248.068447649595,3.06951875313505,0.684668320236359,4.48322006789418,7.35250346419211e-06,0.00016517952988048,74.0658033533866,471.698760807081,54.6598500696723,415.68056251105,73.0279863396836,453.796910827916,10.4597289475613,431.157978340405
"74","SKA3",191.74806335871,3.81421288673056,0.852867788480532,4.47222059297838,7.74115109328303e-06,0.000171560645851137,34.1842169323323,430.532323500281,33.5011984297991,387.284926362287,0,329.389519081059,33.4711326321962,285.621189931727
"75","CDCA5",662.489922828091,3.42517809755135,0.767854020272743,4.4607151973167,8.1686587092223e-06,0.000178621337108328,192.286220244369,1464.83906083363,186.901422818879,1475.78431206485,23.0614693704264,1204.10884861726,49.1607260535381,703.77732262179
"76","CKAP2L",250.305069332354,4.13957608787933,0.929492412938682,4.45358781874469,8.44471446536401e-06,0.000182228048989434,45.5789559097763,627.788168928697,49.370187159704,440.132360305818,0,477.64703256177,12.5516747370736,349.37217505599
"77","ARHGEF39",91.2750217280707,3.75757731437835,0.847088540973894,4.4358731497634,9.1699836971756e-06,0.000195308743680104,12.8190813496246,230.703575740191,24.685093579852,206.657129749327,0,119.895206553967,12.5516747370736,122.888412114532
"78","CDC25A",231.069240761566,3.5739668366506,0.811741403638589,4.40283915620231,1.06843378359683e-05,0.000221801443683392,59.8223796315814,395.36932496739,52.8966290996828,468.52799645458,1.9217891142022,498.27416487213,28.2412681584155,343.500373794544
"79","LRRC37A8P",16.3435771346076,6.14655070606841,1.39573434151566,4.4038113294495,1.06365456534786e-05,0.000221801443683392,0,51.4580466334998,1.76322096998943,22.8742624531697,0,31.5852963502385,0,23.0677906699633
"80","DDX11L10",55.5510830510873,-4.51404678471031,1.02669909166383,-4.39665995749057,1.0992935674094e-05,0.000225355181318927,29.9111898157907,0.85763411055833,179.848538938922,7.88767670798956,26.9050475988308,1.28919576939749,189.32109395086,8.38828751635029
"81","CDCA2",297.686964026609,3.97203613514137,0.91788407882168,4.32738319226586,1.50891319439543e-05,0.000305508350470186,62.6710643759425,700.687068326155,54.6598500696723,510.332683006925,0,578.848900459473,25.1033494741471,449.192796500558
"82","RDM1",12.9441804444221,6.54981453145356,1.52365489735177,4.29875199616241,1.71762536081224e-05,0.000343525072162448,0,40.3088031962415,0,29.9731714903603,0,23.2055238491548,0,10.0659450196204
"83","HEMGN",37.9293931408806,-3.11515321281307,0.726868000830491,-4.28572066627479,1.82147743024221e-05,0.000359906383806895,49.8519830263179,10.2916093267,52.8966290996828,8.67644437878852,40.3575713982462,5.15678307758996,128.654666055004,7.54945876471526
"84","FAM72B",64.9136785082361,3.95723611502393,0.931447613346435,4.24847952619328,2.15226312301276e-05,0.000420203752588205,8.54605423308306,113.2077025937,21.1586516398731,131.724201023426,0,128.919576939749,2.09194578951226,113.661295846546
"85","IDO1",53.2385906396501,-3.91653983733548,0.92407534573605,-4.23833387115836,2.25184721012119e-05,0.000434474049952794,49.8519830263179,4.28817055279165,33.5011984297991,0.788767670798956,182.569965849209,10.9581640398787,133.884530528785,10.0659450196204
"86","IQGAP3",120.865491625201,4.78935527999208,1.13722724540146,4.21143205929907,2.53756876108282e-05,0.000483908461415793,0,200.686381870649,29.9747564898203,201.924523724533,0,271.375709458172,4.18389157902452,258.778669879406
"87","POLQ",513.241354298671,2.97362674608364,0.709552554256738,4.19084777899015,2.77914072461639e-05,0.00052388399866332,170.921084661661,844.769598899955,167.505992148996,773.781085053776,19.217891142022,890.834276653665,105.643262370369,1133.25764345892
"88","PRKCDBP",20.0961537102713,7.18750422610847,1.71790672734613,4.18387338014091,2.86583773911099e-05,0.000534087942288866,0,35.1629985328915,0,3.15507068319582,0,112.80462982228,0,9.64653064380284
"89","GJC1",62.8534159957971,3.86341498436247,0.924438735531243,4.17920067157538,2.92535474331833e-05,0.000539054132476637,12.8190813496246,154.374139900499,17.6322096998943,93.8633528250758,0,112.160031937582,2.09194578951226,109.886566464189
"90","MELK",286.055372519606,4.44878159152181,1.07075760300799,4.15479804114789,3.25574983993027e-05,0.000593269970831738,54.1250101428594,671.527508567172,44.0805242497357,571.067793658444,0,479.580826215866,2.09194578951226,465.969371533259
"91","MPP7",366.387553957951,-2.61267990504105,0.629284159999475,-4.1518284919856,3.29829408870512e-05,0.000594417835766636,326.174403229337,78.044704060808,313.853332658118,90.70828214188,1007.01749584195,136.010153671435,872.341394226613,106.950665833466
"92","CEP55",247.863037271207,4.21416797180693,1.01583162329388,4.14849063090034,3.34674541242166e-05,0.000596593747431687,42.7302711654153,556.604537752356,54.6598500696723,424.357006889838,0,493.11738179454,4.18389157902452,407.251358918807
"93","HIST1H1A",43.6018416141285,4.10130706829002,0.992577084052523,4.13197839662495,3.59654230130572e-05,0.000634228964961438,9.97039660526358,144.940164684358,7.05288387995771,96.2296558374726,0,62.5259948157783,2.09194578951226,26.0036913006859
"94","GRIK4",66.7020590337788,6.87996664516039,1.66890644746655,4.12243996996019,3.74880322078402e-05,0.000654046519370829,0,5.14580466334998,3.52644193997886,0.788767670798956,0,187.577984447335,1.04597289475613,335.531500654012
"95","CDKN2C",81.0217518866129,3.48309335415171,0.848780016406283,4.10364674806913,4.06688285224996e-05,0.000702072408177887,19.9407932105272,204.974552423441,15.8689887299048,186.937937979353,0,117.316815015172,16.7355663160981,86.399361418408
"96","PF4",628.472311287042,-3.42712461471213,0.836091325689773,-4.09898357919784,4.1496847220499e-05,0.000708904473350191,284.868474436102,39.4511690856832,1685.63924730989,177.472725929765,576.53673426066,44.4772540442134,2053.24479240628,166.088092823736
"97","AFF2",454.673546386144,-2.51430871375965,0.614321880200985,-4.09281973309669,4.26159023134844e-05,0.000720516286537262,531.27970482333,201.544015981207,767.001121945401,185.360402637755,630.346829458322,69.6165715474644,1166.25977765309,85.9799470425905
"98","CXCR4",16548.3348921477,-2.69571709218999,0.661600819409224,-4.07453711226829,4.6105960609846e-05,0.000771569136736199,9592.94587663574,3333.62378774023,20733.7153861057,3748.22397163664,27398.9474011808,4836.41792889468,56959.4999568399,5783.30482814771
"99","OGDHL",11.6429452012889,6.40212581887881,1.58154814706892,4.04801196267332,5.16545069839322e-05,0.000855690822764129,0,6.86107288446664,0,20.5079594407729,0,40.6096667360209,0,25.1648625490509
"100","CLU",72.2038861829737,-4.32427777799037,1.07278599723489,-4.03088573968734,5.55670533078635e-05,0.000895248560324164,14.2434237218051,8.5763411055833,241.561272888552,7.09890903719061,7.6871564568088,5.15678307758996,286.59657316318,6.71063001308023
"101","MGAT5B",136.663659580119,-3.88474430954218,0.963707193484496,-4.0310421420598,5.55300850077126e-05,0.000895248560324164,52.7006677706789,8.5763411055833,77.5817226795348,3.94383835399478,251.754373960488,30.9406984655398,642.227357380264,25.5842769248684
"102","SLC2A12",18.4009076806174,6.31842700418426,1.56768913512106,4.03040811002134,5.56800933860151e-05,0.000895248560324164,0,60.8920218496414,1.76322096998943,68.6227873595092,0,8.37977250108368,0,7.54945876471526
"103","HIST1H3B",2225.72595811558,4.09121841879008,1.02131995919969,4.00581461464434,6.18041094591325e-05,0.000974603264547858,468.608640447388,6222.99310621124,481.359324807114,3931.218071262,19.217891142022,4407.76033557002,17.7815392108542,2256.86875627405
"104","RAD51",164.210719105564,2.31341805599126,0.5772429440177,4.00770261458636,6.13122553333053e-05,0.000974603264547858,78.3388304699281,361.921594655615,70.5288387995771,266.603472730047,34.5922040556396,260.417545418293,36.6090513164646,204.674215398947
"105","CXCR2P1",89.757768444753,-3.65628473040625,0.91390420717522,-4.00073082244302,6.31471570557944e-05,0.000983272349976616,39.8815864210543,9.43397521614163,257.430261618456,15.7753534159791,24.9832584846286,9.02437038578243,343.079109480011,18.4542325359706
"106","GPRC5C",71.7507275396034,-3.2415486713874,0.810546268976904,-3.99921484492056,6.35529689619032e-05,0.000983272349976616,286.292816808283,12.8645116583749,118.135804989292,14.1978180743812,65.3408298828748,22.5609259644561,49.1607260535381,5.45238688562769
"107","CLEC1B",18.2478619814739,-5.02356709661545,1.25767353503312,-3.99433315298565,6.48765877125648e-05,0.000994370129426228,5.69736948872204,0,38.7908613397674,1.57753534159791,57.653673426066,0,39.746970000733,2.51648625490509
"108","FRMD4B",40.5106205402138,-2.61648991936016,0.659875787924821,-3.96512490265555,7.33575247736558e-05,0.00110372789567702,41.3059287932348,8.5763411055833,68.7656178295877,11.0427473911854,92.2458774817056,17.4041428868661,76.3560213171975,8.38828751635029
"109","TK1",778.131408758346,4.19217198571325,1.0567003656511,3.96722866952939,7.27132197457151e-05,0.00110372789567702,142.434237218051,2137.22420351136,121.662246929271,2165.16725634313,0,1123.53411302991,58.5744821063433,476.454730928697
"110","BHLHA15",11.9603947485672,6.43548713201457,1.62671588198087,3.95612239561958,7.6176142997646e-05,0.00112548535600126,0,37.7359008645665,0,41.0159188815457,0,6.44597884698745,0,10.4853593954379
"111","NCAPG",594.723452639683,4.03071436234592,1.01871157674181,3.95667866584722,7.59990516420755e-05,0.00112548535600126,108.250020285719,1422.81498941627,135.768014689186,1153.96710237887,0,1082.92444629389,30.3332139479278,823.729834105599
"112","CSPG4",22.8863709254891,5.16894172043463,1.32140857222835,3.91169077382178,9.1652215986858e-05,0.00134205030552185,0,26.5866574273082,0,18.930424099175,0,79.2855398179456,4.18389157902452,54.1044544804594
"113","KCTD19",11.6495888548563,6.40541464473315,1.64091048972095,3.90357346415795,9.47827621761315e-05,0.00136354149095487,0,10.2916093267,0,6.31014136639165,0,28.3623069267448,0,48.2326532190142
"114","SUCNR1",151.993247233796,5.38469809595653,1.37917541358381,3.9042880571401,9.45031678654104e-05,0.00136354149095487,7.12171186090255,511.149929892764,10.5793258199366,664.93114648352,0,7.09057673168619,10.4597289475613,4.61355813399266
"115","SPARC",262.13237221545,-4.21599613268216,1.08534754839609,-3.88446644479225,0.000102554854662392,0.0014625214056202,48.4276406541374,12.0068775478166,804.028762315179,39.4383835399478,17.2961020278198,28.3623069267448,1120.23697028382,27.2619344281384
"116","C2orf48",9.06793799277481,6.04019090050101,1.55707722435073,3.87918518493496,0.000104806945680966,0.00146908881125456,0,20.5832186533999,0,15.7753534159791,0,13.5365555786736,0,22.6483762941458
"117","SH3BGRL2",135.113426117073,-5.26500383376574,1.35722176909616,-3.87925094752345,0.000104778617739772,0.00146908881125456,32.7598745601517,7.71870699502497,449.621347347304,10.2539797203864,0,0.644597884698745,571.101200536847,8.80770189216781
"118","RAD54L",269.369720409801,3.19383009715169,0.827461483716987,3.85979306590186,0.000113483084175974,0.00157722252583557,91.1579118195527,619.211827823114,93.4507114094397,509.543915336126,5.7653673426066,471.201053714783,21.9654307898787,342.661545042909
"119","RIBC2",8.94812764247834,6.02066722996966,1.56281218956741,3.85245730111448,0.000116938372763662,0.00161158765825551,0,22.2984868745166,0,12.6202827327833,0,16.1149471174686,0,20.5513044150582
"120","KIF23",297.231088654729,3.9118207516646,1.01747532499963,3.84463451402717,0.000120732245157419,0.00163637092610056,64.095406748123,630.361071260372,75.8185017095454,531.629410118496,0,565.956942765498,8.36778315804905,501.619593477747
"121","PDE5A",129.920685378966,-3.16677213269829,0.823276751943927,-3.8465462861922,0.000119794508472963,0.00163637092610056,59.8223796315814,9.43397521614163,322.669437508065,26.0293331363656,98.0112448243123,27.717709042046,454.998209218917,40.6831944542989
"122","PXDN",128.281641691525,2.67762700995059,0.698208057007996,3.83499872720593,0.00012556494467952,0.00168792220716732,28.4868474436102,180.960797327808,37.027640369778,313.929532977985,59.5754625402682,292.64743965323,14.6436205265858,98.9817926929335
"123","FABP3",19.9902145738745,4.96109063081466,1.2992043437763,3.81856068645418,0.000134232565003324,0.00178976753337766,0,43.7393396384748,0,23.6630301239687,0,63.170592700477,4.18389157902452,25.1648625490509
"124","LMNA",3247.69177972034,-3.5171696243596,0.921593675786367,-3.81639947925913,0.000135413204724983,0.00179094883668526,14629.420504666,433.105225831956,7539.53286767479,340.747633785149,805.229638850722,745.155154711749,920.456147385395,567.887064856915
"125","GFI1B",88.2249684669062,-3.12385286829574,0.821160899277601,-3.80419095824446,0.000142268402765087,0.00186656144427794,28.4868474436102,14.5797798794916,213.349737368721,22.0854947823708,80.7151427964924,11.6027619245774,310.653949742571,24.3260337974158
"126","KIAA0101",396.329964515738,3.84760389849119,1.01701829148876,3.78321995847183,0.000154812488256661,0.00201501968842003,116.796074518802,982.848690699846,67.0023968595982,858.967993500063,0,701.967096436933,21.9654307898787,421.092033320785
"127","CDC20",530.684415667222,2.6863115815194,0.711601126663606,3.77502435123222,0.000159992033568325,0.00206603885867759,237.865176154145,1166.38239035933,223.929063188657,1063.25882023699,53.8100951976616,913.395202618122,55.4365634220749,531.398014160791
"128","ZWINT",421.713564834065,3.13349007595407,0.832039558633791,3.76603497206223,0.000165860569874328,0.00212508855151482,138.16121010151,1112.35144139415,158.689887299048,720.144883439447,9.608945571011,720.015837208498,38.7009971059768,476.035316552879
"129","RGS18",1172.05864062981,-2.86520755804338,0.762690172870028,-3.75671230594399,0.000172160221690859,0.00218870359358922,813.299494515072,118.353507257049,2708.30740990376,377.8197143127,745.654176310454,209.494312527092,3977.83491875756,425.705591454777
"130","MIR155HG",5565.43925372415,-3.36517676529959,0.898139856704594,-3.74682933863653,0.000179083835015473,0.00225921145711828,23296.5438393844,987.136861252637,14179.823040655,709.102136048262,1276.06797183026,1070.03248859992,1832.54451161274,1172.26318040995
"131","APOD",9.35121842901906,6.08371704373819,1.62670827973892,3.7398943126512,0.000184097644111561,0.00230473386521343,0,19.7255845428416,0,7.88767670798956,0,35.452883658431,0,11.7436025228904
"132","SERINC2",98.9729753146958,4.17053052830482,1.11655115144685,3.73518985037144,0.000187573625871809,0.0023304602002255,18.5164508383466,252.144428504149,12.342546789926,436.188521951823,0,37.3866773125272,10.4597289475613,24.7454481732334
"133","LOC100129046",50.5551017963301,-2.9418211247227,0.788019909146367,-3.73318121861853,0.000189076454477808,0.00233146906273387,72.641460981206,17.1526822111666,38.7908613397674,14.9865857451802,196.022489648625,7.09057673168619,50.2066989482943,7.54945876471526
"134","STMN1",1541.96162353564,1.98291379912427,0.532699737781018,3.72238553633268,0.000197349381364408,0.00241532078684798,632.408013248147,2994.85831406969,758.185017095454,2445.96854714756,309.408047386554,2526.17911013438,789.709535540879,1878.97640366247
"135","FILIP1L",226.917278316683,2.54278513576104,0.690696032253657,3.68148218176995,0.000231881997192327,0.00281693685478086,148.131606706773,402.230397851857,58.1862920096511,375.453411300303,26.9050475988308,387.403328703946,32.4251597374401,384.602982624661
"136","SLC22A4",28.1811388148743,-6.15030222926958,1.67194741997306,-3.67852610422922,0.000234585684419754,0.00282882737094409,125.342128751885,0.85763411055833,96.9771533494185,0.788767670798956,0,0.644597884698745,0,0.838828751635029
"137","CA8",32.8296804085461,3.7553602747499,1.02290919378746,3.67125478738261,0.000241362579127937,0.00288930386693296,9.97039660526358,95.1973862719746,3.52644193997886,99.3847265206685,0,19.3379365409623,4.18389157902452,31.0366638104961
"138","TICRR",314.470381431338,3.68100550089972,1.00329589611397,3.66891314432485,0.000243583809938558,0.0028947641181104,89.7335694473722,618.354193712556,77.5817226795348,574.22286434164,0,602.699022193326,14.6436205265858,538.528058549689
"139","NT5C1A",18.1821558667898,7.04659660779901,1.92534188019883,3.6599196642787,0.000252294333442255,0.0029767101211892,0,1.71526822111666,0,1.57753534159791,0,16.7595450021674,0,125.404898369437
"140","HIST1H2BL",563.395296916811,2.5699209909937,0.704731867700922,3.64666493566932,0.000265665977570955,0.00311208716583119,303.384925274449,1576.33149520621,183.3749808789,1005.67878026867,86.480510139099,869.562546458607,76.3560213171975,405.993115791354
"141","RAB32",19.0467686249579,-3.63278665732878,0.99678366536972,-3.64450861660272,0.000267903160533567,0.00311603676081595,8.54605423308306,4.28817055279165,17.6322096998943,3.15507068319582,86.480510139099,1.93379365409623,28.2412681584155,2.09707187908757
"142","TNFRSF17",204.928953968829,2.71887214762748,0.747715645481111,3.63623813953772,0.000276648595736832,0.00319509645780567,34.1842169323323,433.962859942515,44.0805242497357,629.436601297567,26.9050475988308,206.271323103598,109.827153949394,154.763904676663
"143","DEPDC1B",163.340482211567,3.57809442829953,0.989673886772235,3.61542774455662,0.000299852103254088,0.00343886328207486,54.1250101428594,340.480741891657,40.5540823097568,328.916118723165,0,311.985376194192,6.27583736853678,224.38669106237
"144","EREG",12.5982410606766,-4.78438043361178,1.33039973111077,-3.59619768535073,0.000322902450018528,0.00367750012521101,5.69736948872204,0.85763411055833,3.52644193997886,0,55.7318843118638,1.28919576939749,32.4251597374401,1.25824312745254
"145","LOC101927379",29.819067768878,-3.51383613863801,0.98161026462865,-3.5796652350282,0.00034403465527823,0.00389115058383653,61.246722003762,3.43053644223332,12.342546789926,7.09890903719061,126.838081537345,7.09057673168619,18.8275121056104,1.67765750327006
"146","FGFBP2",42.202307188305,4.15437320023402,1.16501675033156,3.5659343087142,0.000362562188815406,0.00404491149426712,9.97039660526358,38.5935349751248,0,18.141656428376,0,121.829000208063,7.32181026329292,141.76205902632
"147","GCOM1",24.234142333166,-3.87927618854929,1.08748593845524,-3.56719664261566,0.000360820713966143,0.00404491149426712,38.4572440488738,2.57290233167499,82.8713855895031,5.52137369559269,51.8883060834594,0,8.36778315804905,4.19414375817515
"148","ABCA9",21.9723935665535,4.54995630155639,1.28642889493205,3.53688907290652,0.000404869674590108,0.0044863936914039,4.27302711654153,12.0068775478166,1.76322096998943,5.52137369559269,0,77.3517461638494,1.04597289475613,73.8169301438826
"149","BEND2",77.2058352791479,-3.83102250316405,1.08816150677455,-3.52063777234659,0.000430510279876808,0.00473850240938231,27.0625050714297,1.71526822111666,225.692284158647,18.930424099175,21.1396802562242,2.57839153879498,303.332139479278,17.1959894085181
"150","CSF2",126.42934922527,-5.08516178014385,1.44792748441178,-3.51202793985894,0.00044470124514251,0.00482986782803785,606.769850548898,15.4374139900499,370.27640369778,9.46521204958747,0,2.57839153879498,5.22986447378065,1.67765750327006
"151","TFPI2",547.919296163734,-3.9803708094197,1.1333162116959,-3.51214494978718,0.000444505493422252,0.00482986782803785,3301.62561871442,165.523383337758,398.487939217611,32.3394745027572,328.625938528576,57.3692117381883,93.0915876332956,6.29121563726272
"152","FAM72C",19.7614234483415,4.06176952176307,1.16060972596099,3.49968592448242,0.000465806636006174,0.00502580844111925,7.12171186090255,38.5935349751248,1.76322096998943,29.9731714903603,0,48.3448413524059,0,32.2949069379486
"153","NRXN2",44.654322637459,-3.21935312742686,0.922480636306468,-3.48988694257787,0.000483224932461851,0.00517966594272833,47.0032982819569,11.1492434372583,21.1586516398731,11.0427473911854,222.927537247455,8.37977250108368,31.3791868426839,4.19414375817515
"154","GAL3ST4",8.66451336359201,5.21461420474988,1.4959943119617,3.48571793559291,0.000490818237621764,0.00522689551753048,0,13.7221457689333,1.76322096998943,21.2967271115718,0,18.6933386562636,0,13.840674401978
"155","BRIP1",283.627594130223,1.94996957608737,0.560700729247221,3.4777368288879,0.000505666127367712,0.00534251111035924,126.766471124065,393.654056746273,167.505992148996,393.595067728679,53.8100951976616,449.284725635025,118.194937107443,566.209407353645
"156","DUOX1",16.6503871013402,-4.53228523800583,1.30372878345957,-3.47640191388501,0.000508190081229293,0.00534251111035924,4.27302711654153,1.71526822111666,15.8689887299048,0,94.1676665959078,0.644597884698745,13.5976476318297,2.9359006307226
"157","KIF24",182.481566819355,2.07458979253845,0.598394467955171,3.46692675757468,0.000526445316234808,0.00549917400398143,103.976993169177,331.904400786074,88.1610484994714,262.659634376052,26.9050475988308,273.954100996967,60.6664278958556,311.624881232413
"158","ARHGEF17",448.710421472864,-5.28024207225739,1.53572540361884,-3.4382722717322,0.000585438728979522,0.00604199220724368,1411.52329083089,27.4442915378665,2085.89040749749,38.6496158691489,0,16.1149471174686,2.09194578951226,7.96887314053278
"159","DNAJC6",62.7777376331656,-2.42310696885844,0.704777720779785,-3.4381151637107,0.000585778512775455,0.00604199220724368,62.6710643759425,16.2950481006083,105.793258199366,33.1282421735562,194.100700534422,17.4041428868661,60.6664278958556,12.1630168987079
"160","CDKN3",98.901028423467,3.22464035253069,0.943786892985147,3.41670389417183,0.000633841796819439,0.00647506027891881,48.4276406541374,211.835625307907,19.3954306698837,166.42997853858,0,164.37246059818,8.36778315804905,172.379308460999
"161","LINC00989",104.087608726872,-3.05955499973595,0.895674375741192,-3.4159233339729,0.000635661405430444,0.00647506027891881,29.9111898157907,6.86107288446664,287.405018108277,40.2271512107468,111.463768623728,10.9581640398787,314.837841321595,31.0366638104961
"162","LINC00664",21.4248151997855,4.49390360545821,1.32246173830534,3.39813506530396,0.00067846914724438,0.00686845309556039,7.12171186090255,70.325997065783,0,32.3394745027572,0,41.8988625054184,0,19.7124756634232
"163","SLC40A1",78.5248680326215,-3.43286571409955,1.01435607631349,-3.38428072179125,0.000713649972856721,0.00718028193549093,17.0921084661661,6.00343877390831,248.614156768509,18.141656428376,15.3743129136176,13.5365555786736,293.918383426473,15.518331905248
"164","LRRC20",84.7535801996266,2.13656993722092,0.631670740521452,3.38241080385828,0.000718526072840797,0.00718526072840797,51.2763253984984,150.085969347708,22.9218726098626,122.258988973838,24.9832584846286,199.825344256611,26.1493223689033,80.5275601569628
"165","ADCY1",54.1766813231723,4.06502305414489,1.20465393451817,3.37443222295273,0.000739681281567878,0.00735198364709891,5.69736948872204,255.574964946382,12.342546789926,128.56913034023,0,17.4041428868661,6.27583736853678,7.54945876471526
"166","P2RY14",201.886168558238,-3.35499418433119,0.996717872944644,-3.36604196172323,0.000762551074090845,0.00753363711752401,62.6710643759425,11.1492434372583,130.478351779218,32.3394745027572,221.005748133253,14.8257513480711,1057.47859659845,85.1411182909555
"167","HIST1H3J",955.768840103503,2.76672644693873,0.823099458626992,3.36135131415819,0.00077562103442311,0.00757153866936846,437.273108259417,2548.88857657936,403.777602127579,1362.9905351406,30.7486258272352,1564.43906616385,107.735208159881,1190.29799857011
"168","LRMP",5042.86143354373,1.55493851529383,0.462385145792199,3.36286433386559,0.0007713826258633,0.00757153866936846,2425.65505982341,9110.64715646113,2360.95287881584,9197.81980918663,2830.79536521984,6280.31719061987,2626.43793873264,5510.26606949051
"169","MIR3128",30.604805075108,-3.41553777462218,1.02059371157882,-3.3466184789033,0.000818037132770541,0.00793834850735909,56.9736948872204,8.5763411055833,21.1586516398731,2.36630301239687,136.447027108356,1.93379365409623,9.41375605280518,7.96887314053278
"170","LIX1",91.6297930611605,6.29797294289526,1.88584214879958,3.33960769033833,0.000838968155613941,0.00809357514827567,5.69736948872204,187.821870212274,3.52644193997886,535.573248472491,0,0,0,0.419414375817515
"171","PLK4",326.644645336476,1.59695523533372,0.479562554479688,3.3300248745784,0.000868382260050914,0.00829773728261826,209.378328710535,530.875514435606,178.085317968932,428.300845243833,117.229135966334,481.514619869962,144.344259476346,523.429141020258
"172","PRC1",480.608723029648,2.45553866957552,0.737526032174472,3.32942643710592,0.00087025049549411,0.00829773728261826,266.352023597755,901.373450196804,197.480748638816,836.882498717693,23.0614693704264,803.168964334636,105.643262370369,710.907367010687
"173","PDE3B",869.150331123841,-3.01689798196209,0.906894654853771,-3.32662450463835,0.000879047399138901,0.00833316609588322,472.88166756393,71.1836311763414,543.072058756744,42.5934542231436,2163.93454259168,234.633630030343,3009.26401821339,415.639646435157
"174","SPP1",10.2457971335564,5.47106571307904,1.65185856505217,3.31206667981665,0.00092609469754156,0.00872870864349517,0,33.4477303117749,0,33.1282421735562,0,12.2473598092762,1.04597289475613,2.09707187908757
"175","OR2T2",19.2195044386533,-3.53803464612791,1.07197386536233,-3.30048591710027,0.000965175574901322,0.00904507395907524,49.8519830263179,3.43053644223332,56.4230710396617,3.15507068319582,24.9832584846286,0,10.4597289475613,5.45238688562769
"176","HIST1H2AJ",1063.16084297042,2.62746695630174,0.796649299921496,3.29814757454837,0.000973249688169754,0.00906891754885453,648.075779342132,3179.24964783973,350.880973027896,1221.80112206758,111.463768623728,1738.48049503251,74.2640755276853,1181.07088230212
"177","C12orf42",738.050120878781,-2.04269805531975,0.619992874506751,-3.29471214801439,0.000985225452326498,0.00912864260912688,847.483711447404,208.405088865674,606.548013676363,172.740119904971,1527.82234579075,327.455725426962,1769.78613792737,444.159823990748
"178","PKP4",972.836923463964,-2.44192351972921,0.743843572706282,-3.28284549242646,0.00102764973366589,0.00946823350119133,454.365216725583,245.283355619682,657.681421806057,232.686462885692,2008.2696243413,348.727455622021,3452.75652558999,382.925325121391
"179","HIST1H2BO",1023.81620893064,2.5098582915281,0.766555840943052,3.2742015094952,0.00105961019537419,0.00970816044923838,534.128389567692,2445.1148492018,484.885766747093,2114.686125412,101.854823052717,1638.56782290421,102.505343686101,768.786550873504
"180","CA11",273.198688586872,-2.01378430071259,0.616835339927606,-3.26470318796737,0.00109578837340747,0.00998384962437919,237.865176154145,85.763411055833,278.58891325833,162.486140184585,755.263121881465,84.4423228955356,480.101558693064,101.078864572021
"181","CDHR1",63.9173478745625,3.9433598563583,1.21001827744852,3.25892586075096,0.00111834889378837,0.0101331059989664,18.5164508383466,19.7255845428416,10.5793258199366,14.9865857451802,0,201.759137910707,2.09194578951226,243.679752349976
"182","HIST1H1B",3229.64354460768,2.47325636794429,0.762273762024446,3.24457759293173,0.00117624966059832,0.010599172765831,1592.41477209781,8978.57150343515,1544.58156971074,5864.48763239024,197.944278762827,4141.54140918944,607.710251853312,2909.89693942192
"183","LOC100507600",7.97119179984104,5.09717155469126,1.57861050967148,3.22889751681179,0.00124268418542508,0.0111366233010772,0,6.86107288446664,1.76322096998943,10.2539797203864,0,18.0487407715649,0,26.8425200523209
"184","HMMR",552.803351945073,2.18341037143981,0.678368603935148,3.2186194331136,0.00128809315930528,0.0113573805444122,334.72045746242,1011.15061634827,301.510785868192,940.999831263155,63.4190407686726,886.322091460774,98.3214521070763,785.982540282022
"185","LINC01480",166.067294018483,2.30543352263613,0.715832800793393,3.22063129837149,0.00127908587120279,0.0113573805444122,29.9111898157907,123.499311920399,33.5011984297991,161.697372513786,63.4190407686726,441.54955101864,96.229506317564,378.731181363216
"186","NUGGC",176.47618672506,3.12759050354376,0.971474857332942,3.21942506276504,0.00128447928312106,0.0113573805444122,41.3059287932348,469.125858475406,21.1586516398731,549.771066546872,1.9217891142022,161.794069059385,79.4939400014659,87.238190170043
"187","KIAA1549L",80.4116211171718,5.04496359697446,1.57449771593147,3.2041733347259,0.0013545090209429,0.0118791165473067,7.12171186090255,300.171938695415,5.28966290996828,320.239674344376,0,0,6.27583736853678,4.19414375817515
"188","NUF2",155.805822093574,2.92685296733958,0.921949573561131,3.17463454756456,0.00150025319089787,0.0130873150695346,66.944091492484,289.022695258157,49.370187159704,300.520482574402,0,237.212021569138,28.2412681584155,275.13583053629
"189","C21orf58",231.135249915218,1.53204742985687,0.484064034590545,3.16496851734251,0.00155099732215181,0.0133726194911826,148.131606706773,320.755157348815,121.662246929271,319.450906673577,121.072714194739,329.389519081059,84.7238044752466,403.896043912267
"190","HIST1H2BH",904.842972768156,1.98666276141122,0.627942432631014,3.16376575012985,0.00155742092854627,0.0133726194911826,401.664548954904,2303.60522095967,537.782395846775,1847.29388501116,211.396802562242,893.41266819246,307.516031058302,736.072229559738
"191","RUNDC3A-AS1",11.8315951560649,3.55965287829588,1.12479684333506,3.16470738639469,0.00155238986441015,0.0133726194911826,2.84868474436102,26.5866574273082,3.52644193997886,13.4090504035823,0,28.3623069267448,1.04597289475613,18.8736469117882
"192","FRMPD1",43.1809560538454,4.65172471285415,1.47305800405154,3.15786934394974,0.00158926770641954,0.0135749949923336,4.27302711654153,6.00343877390831,0,2.36630301239687,0,123.11819597746,8.36778315804905,201.318900392407
"193","ATP8B1",71.5124030630945,4.0421694020188,1.28555503510144,3.14429899276917,0.00166485242103023,0.0141469324895833,2.84868474436102,11.1492434372583,10.5793258199366,8.67644437878852,0,277.17709042046,18.8275121056104,242.840923598341
"194","CXCL13",32.6291109519322,4.9420248950355,1.57386630378108,3.14005381725417,0.00168916800533809,0.0142795645812086,1.42434237218051,85.763411055833,7.05288387995771,161.697372513786,0,2.57839153879498,0,2.51648625490509
"195","CENPE",478.152804748583,2.26781116432644,0.728181041732839,3.1143507374619,0.00184350204714603,0.0155043249093307,294.838871041366,882.505499764521,250.377377738499,665.719914154319,40.3575713982462,772.872863753795,72.172129738173,846.378210399744
"196","SHCBP1",426.48305827846,3.31658278161738,1.06848325902557,3.10401005687447,0.00190916841289086,0.0159746744752092,129.615155868426,1107.2056367308,153.40022438908,978.860679461505,0,593.030053922845,28.2412681584155,421.511447696602
"197","TMEM220",71.487639044272,-1.97107744288574,0.637036589693312,-3.09413536800872,0.00197387401920121,0.0164322507182233,84.0361999586501,27.4442915378665,65.2391758896088,15.7753534159791,151.821340021974,35.452883658431,154.803988423907,37.3278794477588
"198","ITGAD",12.5629684778712,5.76825252491243,1.86900207875497,3.08627400176833,0.00202681956021188,0.0167877983775125,0,0.85763411055833,1.76322096998943,2.36630301239687,0,12.8919576939749,0,82.6246320360504
"199","SPAG5",798.70507784753,2.2330264007047,0.725499039419921,3.07791779089071,0.00208452411890614,0.017178992738724,461.486928586485,1549.7448377789,470.779998987177,1400.85138333895,78.7933536822902,1312.40129324664,109.827153949394,1005.7556732104
"200","PDE4D",1047.40740077352,-2.44854059050265,0.796980394421833,-3.07227205040462,0.0021243601631234,0.0174197533376118,468.608640447388,234.134112182424,752.895354185486,298.154179562005,1477.85582882149,217.229487143477,4382.62642902819,547.755174817674
"201","AICDA",577.911083995593,2.81381809079705,0.917301877661782,3.06749409253312,0.00215861727313904,0.0176125986465076,121.069101635343,1392.79779554673,373.802845637759,1591.73315967229,61.4972516544704,276.532492535762,19.8734850003665,785.982540282022
"202","ACE",143.55918677004,3.28199576629783,1.07065869061422,3.06539870742095,0.00217379996464887,0.0176486729803176,54.1250101428594,82.3328746135996,40.5540823097568,31.5507068319582,1.9217891142022,497.629566987431,10.4597289475613,429.899735212952
"203","TPX2",1003.28729308352,3.1065668758021,1.0148968523261,3.06096808624639,0.00220622608611385,0.0178236984296882,400.240206582723,2016.29779392263,338.53842623797,1861.49170308554,1.9217891142022,1802.94028350239,94.1375605280518,1510.73058169469
"204","CD101",16.6765499812675,4.30241921166409,1.40934281047681,3.05278402080789,0.00226729058321169,0.0182272380218979,2.84868474436102,5.14580466334998,0,7.09890903719061,0,28.3623069267448,3.13791868426839,86.8187757942255
"205","MAML3",509.526279054219,-2.22362405645389,0.729198931134542,-3.04940663173246,0.00229293893927953,0.0183435115142363,636.681040364688,301.029572805974,1392.94456629165,226.3763215193,307.486258272352,60.592201161682,1019.82357238723,131.276699630882
"206","SESN3",22359.6709616728,-1.66449857124374,0.546202418525994,-3.04740241856787,0.00230828458530021,0.0183766345625842,22303.7772059746,10920.2551297392,20063.6914175097,9947.14909644564,37363.4239583192,10413.4788273082,56250.3303341952,11615.2617238902
"207","CHI3L1",21.5972222681329,7.29194771334922,2.39644453805817,3.04281930899926,0.00234373017347246,0.018568683499975,0,0,0,0,0,147.612915596013,0,25.1648625490509
"208","FKBP9",18.8310606735797,3.16638963710693,1.04229250159927,3.03790887130867,0.00238225983557613,0.0187832025497349,4.27302711654153,58.3191195179664,8.81610484994714,38.6496158691489,0,22.5609259644561,2.09194578951226,15.9377462810656
"209","ANKRD36BP2",62.1702110543195,2.13526750189791,0.703482913786314,3.03527983416881,0.00240312605039173,0.0188570656585763,38.4572440488738,79.7599722819246,21.1586516398731,122.258988973838,5.7653673426066,86.3761165496318,26.1493223689033,117.436025228904
"210","CAMK2B",10.4211807217212,4.66642258623174,1.53950427995354,3.03112024240203,0.00243648197941856,0.019027764029745,0,12.0068775478166,3.52644193997886,15.7753534159791,0,10.9581640398787,0,41.1026088301164
"211","ASF1B",485.635036911379,2.87644830186531,0.952966280444447,3.01841561542322,0.00254100156499258,0.0194730961055506,166.64805754512,1141.51100115314,197.480748638816,1076.66787064058,1.9217891142022,771.583667984398,99.3674250018324,429.899735212952
"212","EME1",89.7878617360808,2.23920199420268,0.740962237369407,3.0220190466823,0.00251094748347205,0.0194730961055506,38.4572440488738,150.085969347708,49.370187159704,153.809695805796,3.8435782284044,160.504873289987,33.4711326321962,128.760213375977
"213","PIF1",113.668793257764,2.89043485316082,0.957569074735624,3.01851315943849,0.00254018369448924,0.0194730961055506,55.5493525150399,132.933287136541,38.7908613397674,156.964766488992,0,263.640534841787,13.5976476318297,247.873896108151
"214","TPM2",14.1331959742593,3.06078110778837,1.01336499037843,3.02041331292227,0.00252429956136888,0.0194730961055506,2.84868474436102,23.1561209850749,3.52644193997886,15.7753534159791,0,27.717709042046,5.22986447378065,34.8113931928537
"215","SULF2",54.9820704485951,2.04610678088609,0.680115356445325,3.00847019773267,0.00262566552974098,0.0200283324129079,31.3355321879712,127.787482473191,26.4483145498414,72.566625713504,7.6871564568088,88.309910203728,19.8734850003665,65.8480570033498
"216","LOC101927069",6.43240976937639,4.77406521009979,1.59081363466659,3.00102105367004,0.00269075960179336,0.0204298414210236,0,13.7221457689333,1.76322096998943,11.0427473911854,0,7.73517461638494,0,17.1959894085181
"217","TNFSF15",20.4236859856637,3.25563144579712,1.08579626440953,2.99838151273026,0.00271417672157777,0.0205126719971776,8.54605423308306,9.43397521614163,3.52644193997886,41.8046865523447,0,72.1949630862594,3.13791868426839,24.7454481732334
"218","ACY3",16.0439615811023,3.43960003704988,1.14784722394797,2.99656606322533,0.00273039069725154,0.0205405538692317,0,17.1526822111666,5.28966290996828,22.8742624531697,0,43.8326561595146,5.22986447378065,33.9725644412187
"219","CARD10",10.0794795638592,6.1890362484075,2.07245538129879,2.98633027483028,0.00282347520792941,0.0208653410657518,0,28.3019256484249,0,51.2698986019322,0,0.644597884698745,0,0.419414375817515
"220","CD276",29.7470153082136,3.48167599249726,1.16591245050244,2.98622421520318,0.00282445470524201,0.0208653410657518,14.2434237218051,48.0275101912665,5.28966290996828,31.5507068319582,0,88.9545080884268,0,49.9103107222842
"221","CNKSR3",11.8362283313046,6.42665214061489,2.15106736291145,2.9876573144211,0.00281124573156881,0.0208653410657518,0,1.71526822111666,0,0,0,38.0312751972259,0,54.9432832320944
"222","KIR3DX1",6.22162391373446,5.49143301129227,1.83852680000653,2.98686590332693,0.0028185332307658,0.0208653410657518,0,18.8679504322833,0,22.8742624531697,0,2.57839153879498,0,5.45238688562769
"223","EGR4",8.72537609698962,4.43017505691354,1.4851815336136,2.98291822019526,0.00285514272492584,0.0209902589194577,1.42434237218051,20.5832186533999,1.76322096998943,26.8181008071645,0,14.1811534633724,0,5.03297250981018
"224","RASAL2",65.0357848906394,2.86456602128277,0.960730667479622,2.98165356665221,0.00286696219387715,0.0209902589194577,22.7894779548882,220.411966413491,26.4483145498414,169.585049221776,1.9217891142022,30.296100580841,11.5057018423174,37.3278794477588
"225","CBX2",38.0573964490093,2.95832106926372,0.993306974618989,2.97825460291212,0.00289895065182948,0.0210024848132478,18.5164508383466,72.898899397458,14.1057677599154,92.2858174834779,0,66.3935821239707,2.09194578951226,38.1667081993938
"226","MYBL1",125.397239881918,2.37473552399081,0.797263977612052,2.97860632196574,0.00289562549316401,0.0210024848132478,37.0329016766933,323.32805968049,31.7379774598097,362.044360896721,19.217891142022,67.6827778933682,73.2181026329291,88.9158476733131
"227","ZBTB16",111.889109323697,-2.90951750136553,0.977200975876906,-2.97739929982635,0.00290705125158978,0.0210024848132478,24.2138203270687,9.43397521614163,52.8966290996828,16.5641210867781,378.592455497834,19.9825344256611,334.711326321962,58.718012614452
"228","ETV4",5.13372428215936,5.21926988434448,1.76673333634333,2.95419222413438,0.00313488674010561,0.0225491853235666,0,12.8645116583749,0,7.88767670798956,0,7.73517461638494,0,12.5824312745254
"229","THBD",14.453689809561,5.19894958649828,1.76105115672085,2.95218544143768,0.00315533373396574,0.0225971498851695,2.84868474436102,54.8885830757331,0,53.636201614329,0,2.57839153879498,0,1.67765750327006
"230","CRIP3",203.970639985512,1.63219408908596,0.553316293833156,2.94983919193625,0.00317939364334844,0.0226704590221367,112.52304740226,245.283355619682,51.1334081296934,373.087108287906,92.2458774817056,312.629974078891,141.206340792078,303.656008091881
"231","TBC1D4",600.370209395514,2.90771263849735,0.987132127785464,2.94561645462855,0.00322311792307543,0.0228827419646914,237.865176154145,1808.75033916752,183.3749808789,2170.68863003873,57.653673426066,143.100730403121,85.7697773700027,115.758367725634
"232","NPPA",19.5924644852505,7.14988169248498,2.43154520757512,2.94046833684629,0.00327716493635154,0.0231661659293816,0,46.3122419701498,0,110.427473911854,0,0,0,0
"233","FDXR",204.314402767403,1.83202042722005,0.624473060577147,2.93370610019088,0.00334941198623684,0.0233034603465007,136.736867729329,457.11898092759,68.7656178295877,306.041856269995,82.6369319106946,383.535741395753,70.0801839486608,129.599042127612
"234","GAS2L3",33.2847636476885,3.38332061316486,1.15271119844167,2.93509824294125,0.00333442097761926,0.0233034603465007,12.8190813496246,96.9126544930912,10.5793258199366,69.4115550303082,0,35.452883658431,0,41.1026088301164
"235","PHEX",389.739292725456,2.27162263856297,0.774416523301064,2.9333344139919,0.00335342478156961,0.0233034603465007,133.888182984968,221.269600524049,68.7656178295877,246.884280960073,222.927537247455,710.991466822716,109.827153949394,1403.3605014854
"236","REEP2",27.7349258163233,2.75753855643861,0.939911544511965,2.93382773361979,0.00334809975840051,0.0233034603465007,11.3947389774441,45.4546078595915,14.1057677599154,67.0452520179113,0,43.8326561595146,3.13791868426839,36.9084650719413
"237","FAM72A",49.0386956409559,3.34561593720845,1.14142429103308,2.93108878397919,0.00337776230183242,0.0233735450422159,14.2434237218051,82.3328746135996,21.1586516398731,76.5104640674987,0,91.5328996272218,0,106.531251457649
"238","ESPL1",790.232451598951,1.86911754420344,0.642374373446932,2.90970129174658,0.00361774338463397,0.0249217109130075,504.217199751901,1402.23177076287,502.517976446987,1679.28637113098,226.77111547586,997.192927628958,125.516747370736,884.125504223321
"239","NMRK2",7.34379448673055,5.73720749650753,1.9725781165339,2.90848177236633,0.00363188348061511,0.0249217109130075,0,4.28817055279165,0,0.788767670798956,0,43.1880582748159,0,10.4853593954379
"240","PTGDR",23.1850467303614,5.8900336574076,2.03167638740988,2.89910031632381,0.00374235137665186,0.025572734407121,2.84868474436102,102.916093267,0,78.8767670798956,0,0,0,0.838828751635029
"241","HIST1H2AL",436.919394450525,1.77590473718646,0.614446778110563,2.89024989706579,0.00384935694297313,0.0261947941347549,126.766471124065,1090.05295451964,174.558876028953,294.99910887881,203.709646105433,734.841588556569,284.504627373668,585.921883017068
"242","GPR157",163.060412440505,-1.80565336147573,0.625605142220901,-2.88625083078067,0.00389861311309854,0.0264203533284364,274.898077830839,42.8817055279165,357.933856907854,47.3260602479374,255.597952188893,98.623476358908,126.562720265492,100.659450196204
"243","BMP3",33.6125080091102,-3.45474282794589,1.19756249239387,-2.88481214958562,0.00391647278893317,0.0264321620323061,4.27302711654153,0,21.1586516398731,5.52137369559269,88.4022992533013,5.8013809622887,132.838557634029,10.9047737712554
"244","AMICA1",102.196174843303,1.60333266025778,0.557976691150728,2.87347605318636,0.00405981854476422,0.0270654569650948,55.5493525150399,204.974552423441,58.1862920096511,184.571634966956,48.044727855055,96.6896827048117,40.7929428954891,128.760213375977
"245","AUNIP",41.4889541329634,3.32066612085652,1.15493744116584,2.87519133287817,0.0040378273116299,0.0270654569650948,21.3651355827077,72.0412652868997,8.81610484994714,62.3126459931175,0,97.3342805895105,0,70.0422007615249
"246","ZNF219",75.5004233993746,-1.98555377068804,0.690959413830328,-2.8736185236715,0.00405798782994804,0.0270654569650948,64.095406748123,23.1561209850749,51.1334081296934,36.283312856752,224.849326361658,32.874492119636,142.252313686834,29.359006307226
"247","NCALD",46.7324684040483,4.13339994322997,1.44493110632497,2.86062077640701,0.00422812470534665,0.0280733786103988,11.3947389774441,167.238651558874,8.81610484994714,174.317655246569,0,5.8013809622887,0,6.29121563726272
"248","LAMA4",23.1573178254886,5.99281040561601,2.1095122158338,2.84085124543699,0.00449932943302866,0.0297536301216412,1.42434237218051,105.488995598675,0,77.2992317382977,0,0,1.04597289475613,0
"249","GIPR",13.9737852571876,3.61145608553912,1.27326433571857,2.83637575028834,0.00456287285703654,0.0300526565684334,1.42434237218051,12.0068775478166,0,15.7753534159791,0,25.139317503251,6.27583736853678,51.1685538497368
"250","DUSP5",1961.65197805144,-2.46899376262288,0.873327403119375,-2.82711129160044,0.00469700008009968,0.0308123205254539,5298.5536245115,648.371387582097,6654.3959407401,930.745851542768,432.402550695495,447.350931980929,906.858499753565,374.537037605041
"251","HIST1H3C",1863.95322969443,2.61305512087037,0.925187446070143,2.82435211585466,0.00473763055114811,0.0309550362704498,1210.69101635343,4798.46284857385,728.210260605634,3256.82171272889,57.653673426066,3033.47764539229,98.3214521070763,1727.98722836816
"252","NSUN7",200.578200293371,-2.93585797189994,1.04036930484428,-2.82193828502021,0.00477343622078051,0.031065219849524,27.0625050714297,19.7255845428416,82.8713855895031,16.5641210867781,413.184659553473,40.6096667360209,896.398770806004,108.208908960919
"253","CCNB1",800.356920728297,1.71314792110747,0.610068355356011,2.80812454222075,0.00498309513696438,0.0322465687399118,568.312606500024,1354.2042605716,534.255953906797,1292.00144476869,159.508496478783,1347.20957902038,234.297928425373,913.065096154729
"254","CIT",530.91034642573,1.57393273088525,0.560948841238306,2.80584006094168,0.00501855954449463,0.0322465687399118,407.361918443626,939.966985171929,335.011984297991,724.877489464241,140.290605336761,791.566202410059,185.137202371835,723.070383909395
"255","PNOC",494.041665465108,1.82722510446295,0.65144619624531,2.80487493056892,0.00503361073013258,0.0322465687399118,173.769769406022,887.651304427871,181.611759908911,1030.91934573424,109.541979509525,819.283911452105,402.69956448111,346.855688801085
"256","PNPLA7",593.768015333069,1.58698601332101,0.5653426858251,2.80712221650989,0.00499862729683593,0.0322465687399118,287.717159180463,993.140300026546,137.531235659175,1150.81203169568,376.670666383631,788.343212986565,383.8720523755,632.057464356995
"257","CCL17",5513.36177559198,-4.65432915275919,1.66089699092512,-2.80229850387454,0.00507399014087539,0.0323787697705667,25320.5343502529,855.061208226655,17078.5583153176,576.589167354037,0,88.309910203728,23.0114036846349,164.829849696283
"258","APOC1",12.9251559295568,3.71276835668641,1.32611707473754,2.79972894355592,0.00511455335790441,0.0325111143680746,1.42434237218051,19.7255845428416,0,5.52137369559269,0,25.7839153879498,5.22986447378065,45.7161669641091
"259","AHR",4508.34269743961,-2.3697733743994,0.849924956854346,-2.7882148362488,0.0052999384181028,0.0330543986403052,17089.2597814218,1874.78816568051,10154.3895661691,1325.91845461305,1400.9842642534,1095.17180610317,1575.23517950273,1550.99436177317
"260","ARHGEF4",31.8918622779382,-3.87732694024314,1.3906388595927,-2.78816237119877,0.00530079685512212,0.0330543986403052,9.97039660526358,0.85763411055833,0,1.57753534159791,199.866067877029,6.44597884698745,29.2872410531717,7.13004438889775
"261","MS4A4A",4.82274036334393,5.13092609537043,1.83798620046394,2.79160207735798,0.00524478116083033,0.0330543986403052,0,4.28817055279165,0,7.88767670798956,0,16.7595450021674,0,9.64653064380284
"262","NUSAP1",920.54511833714,1.89690847041832,0.680178644908089,2.78883861558847,0.00528974171145851,0.0330543986403052,596.799453943634,1608.92159140743,617.1273394963,1508.9125542384,98.0112448243123,1394.26522460339,246.849603162447,1293.47393502122
"263","TNFRSF9",613.12653223181,1.70650807880235,0.611762739458616,2.78949332597885,0.0052790584480664,0.0330543986403052,207.953986338355,1258.14924018907,312.090111688129,1511.2788572508,334.391305871183,477.64703256177,296.010329215985,507.491394739193
"264","IL1B",55.715293291173,-2.84354750874178,1.02135121876567,-2.78410350572478,0.00536759021600516,0.0332182941669753,47.0032982819569,7.71870699502497,7.05288387995771,3.15507068319582,205.631435219636,24.4947196185523,131.792584739272,18.8736469117882
"265","WNT5B",87.1994014956456,3.51317920101538,1.26186348089932,2.78411987841313,0.00536731926457725,0.0332182941669753,24.2138203270687,244.425721509124,29.9747564898203,354.156684188731,0,15.4703492327699,2.09194578951226,27.2619344281384
"266","GRAMD1C",270.592601338529,-1.79304621199895,0.644495213865446,-2.78209391384758,0.0054009408740117,0.0332990339600722,230.743464293243,99.4855568247662,193.954306698837,82.0318377630914,622.659673001513,149.546709250109,632.813601327459,153.50566154921
"267","C1orf21",19.2617492242906,3.50205858536244,1.26068103692739,2.77791010000268,0.0054709752696792,0.0333546447668174,0,43.7393396384748,3.52644193997886,72.566625713504,0,12.8919576939749,8.36778315804905,13.001845650343
"268","LOC81691",54.9668976959779,2.5324723721533,0.910946950638089,2.78004374500556,0.00543515762572955,0.0333546447668174,37.0329016766933,107.204263819791,15.8689887299048,102.539797203864,0,83.7977250108368,11.5057018423174,81.7858032844154
"269","TCN2",4.53192863638649,5.0404991422929,1.81445770189556,2.77796453288886,0.00547005885904333,0.0333546447668174,0,6.86107288446664,0,9.46521204958747,0,9.02437038578243,0,10.9047737712554
"270","C12orf77",24.8403112204797,2.54557036369754,0.918081300797066,2.77270690677123,0.00555921659219034,0.0337670933747858,11.3947389774441,34.3053644223332,12.342546789926,28.3956361487624,0,56.7246138534896,5.22986447378065,50.3297250981018
"271","GLYATL2",43.3167104273744,3.74593399924756,1.35589510960383,2.76270190276153,0.00573250949407127,0.0346912013663353,0,27.4442915378665,21.1586516398731,231.897695214893,0,16.7595450021674,3.13791868426839,46.1355813399266
"272","SLC47A1",215.8467046096,3.79786025037989,1.37776339916831,2.75654023954511,0.00584164244880263,0.0352216677060159,61.246722003762,591.767536285247,54.6598500696723,793.50027682375,0,76.7071482791506,0,148.892103415218
"273","MXD3",137.473720110086,1.97395159425762,0.717175383256492,2.75239730802591,0.00591606977469959,0.0355397598187081,109.674362657899,287.30742703704,63.4759549196194,267.392240400846,17.2961020278198,179.198211946251,32.4251597374401,143.020302153772
"274","DGAT2",933.536922980425,-2.73432122296387,0.994344639305001,-2.74987274520334,0.00596184127400693,0.0355542534158959,2776.04328337982,359.34869232394,3371.27849461979,326.549815710768,119.150925080536,173.396830983962,225.930145267324,116.597196477269
"275","MYO6",43.8671696576628,1.8708932457618,0.680328515193717,2.74998504983887,0.00595979837614777,0.0355542534158959,11.3947389774441,50.6004125229414,22.9218726098626,41.0159188815457,19.217891142022,74.7733546250544,21.9654307898787,109.047737712554
"276","SHROOM3",22.4474639527894,-2.82911402336757,1.03104496555901,-2.74392884682163,0.00607086949768179,0.036073282522457,14.2434237218051,2.57290233167499,10.5793258199366,1.57753534159791,36.5139931698418,10.3135661551799,96.229506317564,7.54945876471526
"277","FAM72D",31.7697493618579,3.12290180351949,1.14104812990538,2.73687123415071,0.00620265664378561,0.0365912118554259,15.6677660939856,63.4649241813164,10.5793258199366,61.5238783223186,0,59.3030053922845,0,43.6190950850215
"278","SEMA4C",110.254847282813,-2.94671115643213,1.0766210812798,-2.73699930984941,0.00620024231142065,0.0365912118554259,414.483630304529,54.8885830757331,331.485542358012,18.141656428376,23.0614693704264,15.4703492327699,11.5057018423174,13.001845650343
"279","S1PR1",5938.79857928465,-1.79509324490204,0.656714126620237,-2.73344697812493,0.00626752134976366,0.0368413441348115,6352.56697992508,1535.16505789941,4550.87332354271,1527.84297833758,10035.5827543639,3870.81029761596,15943.7648347677,3693.78240782485
"280","CPM",225.157276778807,2.09440123455144,0.767608832514618,2.72847464207827,0.00636279819988836,0.0372678180279175,48.4276406541374,154.374139900499,44.0805242497357,140.400645402214,126.838081537345,718.082043554402,122.378828686467,446.676310245653
"281","LILRB4",109.410227030373,2.56662040723919,0.941132403786751,2.72716187107372,0.00638816923928304,0.0372832653111181,71.2171186090255,185.248967880599,26.4483145498414,192.459311674945,0,221.09707445167,28.2412681584155,150.569760918488
"282","F13A1",388.704319726395,-3.13888372876384,1.15439446594769,-2.71907378400936,0.00654650032307593,0.0380718458505125,62.6710643759425,108.919532040908,1211.33280638274,180.627796612961,88.4022992533013,6.44597884698745,1429.84494713163,21.3901331666932
"283","CENPU",321.120429230205,2.1280699189216,0.783509287150852,2.71607491298552,0.00660609683464479,0.0382826813032419,230.743464293243,661.235899240472,153.40022438908,428.300845243833,15.3743129136176,607.211207386218,78.4479671067098,394.249513268464
"284","ARHGAP11A",525.243984206945,1.47066903784514,0.54233155972304,2.71175263817616,0.00669285171981846,0.0385132520017624,441.546135375958,880.790231543405,306.80044877816,680.706499899499,192.17891142022,840.555641647163,173.631500529518,685.742504461636
"285","PLAC8",1454.91655365012,-1.55662696243269,0.573886027452974,-2.71243223910038,0.00667914355233953,0.0385132520017624,1286.181162079,544.597660204539,1350.6272630119,601.829732819604,3307.39906554199,923.708768773301,2742.54093005057,882.447846720051
"286","BFSP2",30.4770586832437,3.01417185791839,1.11373904334918,2.70635376924051,0.00680265347013966,0.0390082226959058,17.0921084661661,77.1870699502497,0,85.9756761170862,1.9217891142022,43.8326561595146,7.32181026329292,10.4853593954379
"287","HLA-DPB2",34.7298641107611,2.60208992008078,0.962382171762706,2.70380104331606,0.0068551320735712,0.0391721832775497,11.3947389774441,74.6141676185747,19.3954306698837,102.539797203864,0,29.6515026961423,8.36778315804905,31.8754925621311
"288","CFAP54",13.1302903456766,2.82725081856876,1.04819659734426,2.69725242929807,0.00699142497690584,0.0398122811184916,4.27302711654153,15.4374139900499,1.76322096998943,25.2405654655666,0,19.3379365409623,6.27583736853678,32.7143213137661
"289","GADD45G",15.5790557748804,3.33685677892049,1.24008971487961,2.69081884873503,0.00712768867194392,0.0404477834670866,4.27302711654153,38.5935349751248,0,5.52137369559269,0,40.6096667360209,6.27583736853678,29.359006307226
"290","SERHL2",107.998118677902,3.48643919206932,1.29943506843115,2.6830422517984,0.0072955772507894,0.0412577472113607,9.97039660526358,228.130673408516,14.1057677599154,537.150783814089,0,12.2473598092762,46.0228073692697,16.3571606568831
"291","TENM4",291.387766430475,-2.13859064516761,0.798062027764887,-2.67972985904004,0.00736815961556948,0.0415250232630033,381.723755744377,30.0171938695415,356.170635937864,29.1844038195614,597.676414516885,126.985783285653,564.82536316831,244.518581101611
"292","PRKCH",116.690310720304,1.8386462755778,0.6868870364959,2.676781155978,0.00743331697865992,0.0417487665924735,55.5493525150399,271.87001304699,81.1081646195137,261.082099034454,30.7486258272352,116.027619245774,36.6090513164646,80.5275601569628
"293","MYO7A",453.091613487115,3.3913851595772,1.27144192791785,2.6673535653579,0.00764511969046381,0.0427917962196609,4.27302711654153,813.894770919855,0,914.970498126789,282.502999787724,1016.53086416992,29.2872410531717,563.273506722922
"294","ARAP3",34.3000708837878,-2.53047024609468,0.949278700254247,-2.66567684012813,0.00768335103061313,0.0428595091503589,15.6677660939856,4.28817055279165,21.1586516398731,8.67644437878852,157.58670736458,18.0487407715649,39.746970000733,9.22711626798532
"295","CLSPN",653.120257919932,2.0706257527575,0.784505594632664,2.63940214948633,0.00830523951759898,0.0461715010469909,390.26980997746,1353.34662646104,481.359324807114,1053.79360818741,76.871564568088,983.656372050285,56.4825363168311,829.182220991226
"296","CNN3",324.77573786624,-2.15661518341304,0.817990677746371,-2.63647892584141,0.00837714035440601,0.0464138857473846,210.802671082716,42.8817055279165,428.462695707431,56.0025046267259,282.502999787724,145.679121941916,1200.77688318004,231.097321075451
"297","MFGE8",48.9781445087377,2.0663420115148,0.784485899756054,2.63400784151425,0.00843835390906397,0.0464411144309498,9.97039660526358,106.346629709233,29.9747564898203,109.638706241055,5.7653673426066,42.5434603901172,29.2872410531717,58.2985982386345
"298","TEAD4",7.56237660970958,4.16794097450245,1.58236521801803,2.63399430614567,0.008438690305136,0.0464411144309498,0,17.1526822111666,3.52644193997886,8.67644437878852,0,21.9163280797573,0,9.22711626798532
"299","NEDD4",38.6484278497901,1.85460314365901,0.70544834833062,2.62897084959907,0.00856437019642463,0.0469751408767104,15.6677660939856,78.044704060808,29.9747564898203,71.777858042705,13.4525237994154,45.7664498136109,8.36778315804905,46.1355813399266
"300","DMC1",39.805362927081,3.02418750616652,1.160080172557,2.6068780224911,0.00913719033831784,0.0499499738494709,15.6677660939856,90.9092157191829,19.3954306698837,57.5800399683238,0,63.170592700477,0,71.719858264795
