"","s-42","s-43","s-44","s-82","s-83","s-84","s-52","s-53","s-54","s-92","s-93","s-94"
"CISH",-0.920407351754242,-0.915421487973042,-0.88874632013028,-0.925216368563644,-0.929185559033392,-0.91908312751235,0.939471045821779,0.765084332722039,0.323142296995855,1.37577781126721,1.43592513011941,0.658659598040655
"VDR",-0.533370134860083,-0.482396723884248,-0.447355312989716,-0.527936062352909,-0.505544346535147,-0.48278096920339,1.6035844213343,-0.252027107666074,-0.350970518374317,2.56589641967645,-0.271578505051603,-0.315521160093272
"IL4I1",-0.804281315621265,-0.719821806941882,-0.756503399324514,-0.782356321723246,-0.764322719186892,-0.780429078384913,1.58446927121137,0.413691884051751,0.0767936486602329,2.15069656743998,0.379827227709206,0.00223604211017464
"CCL17",-0.446321077120401,-0.435747721014808,-0.444267806459756,-0.443565919006369,-0.426585979511881,-0.437281465056513,2.58530952754781,-0.343944496442173,-0.430004727163051,1.59849675160802,-0.377285987185453,-0.398801100195424
"GZMB",-0.900945077638376,-0.890104493938823,-0.897440125168509,-0.900578603794041,-0.899622538980815,-0.895608142616794,1.32627859792762,1.25895006524706,0.716342886426378,1.02650833538225,1.1195064665033,-0.0632873693492577
"ARHGEF17",-0.449928834679426,-0.426494646177431,-0.400052582121207,-0.446886748868654,-0.438340582235128,-0.431630306426895,1.60269365493646,-0.410019631347017,-0.414089354860544,2.58335130254246,-0.393724965240381,-0.374877305522242
"ZBED2",-1.02114221950719,-0.490472640070979,-0.722580323457695,-1.04059245235214,-0.799480264217727,-0.78142485625438,0.198506281523615,1.70974557741164,0.332344054558096,0.177818392413244,1.8459696508402,0.591308799113322
"ARNTL2",-0.650216493772747,-0.574451485511882,-0.567388812722612,-0.596940158574336,-0.554476559145681,-0.604520848434444,2.31195180238546,-0.0601502612574046,-0.212578837233968,1.85504223550612,-0.150725831522911,-0.195544749715595
"FOSL2",-0.499291157131663,-0.518494318307809,-0.51781347238529,-0.451743395738062,-0.532802663132282,-0.527809138976209,1.46821164223744,-0.210923236017181,-0.309109878923757,2.64411745354347,-0.194666564622848,-0.349675270545806
"ADTRP",-1.35172727904517,-0.924619380552093,-0.498144998261654,-1.3218261373568,-0.192673648569889,1.23624551295572,1.55116078603648,0.920252784745311,-0.248471937831325,1.005095167373,0.368879739008486,-0.544170608502067
"IL2RB",-0.993819424933339,-0.369477417057301,-0.630673662394694,-0.922288407696454,-0.510838866307795,-0.36538628438086,2.37295882469928,0.0989105463428,0.110782276275563,1.58264953992494,-0.132951727552998,-0.239865396919143
"CSF2",-0.443979974395469,-0.430727484720105,-0.421944043523526,-0.417099369219917,-0.435357102963276,-0.433767960723971,2.67471284581119,-0.364634317834297,-0.362014107916461,1.45917714631442,-0.395330410093488,-0.429035220735102
"ENPP1",-0.91953453999181,-0.900893576262172,-0.896804316060834,-0.903906289653078,-0.897298152552498,-0.911873618665775,1.1022176783011,0.827745551934528,1.36536825854192,1.37757139032067,0.63954081393645,0.117866800151498
"NFIL3",-0.85762384957775,-0.836584549845017,-0.844004606374543,-0.826942278245185,-0.833178966017573,-0.830994984322403,1.08761813778622,0.449793823192825,0.358210206836728,2.15858066193061,0.747603571497649,0.22752283313844
"GZMH",-0.876292076777564,-0.863110864817548,-0.876292076777564,-0.876292076777564,-0.85056259526067,-0.860492160597792,0.963500327268989,1.67834196937808,0.759149193733256,0.0851916591337899,1.44363917305622,0.273219528438376
"GLDC",-0.959841662898081,-0.861216316220072,-0.905177687175892,-0.937483568276477,-0.843766533155916,-0.877882980251244,0.342922184712966,1.40984632304986,0.832621308254616,0.980178999649109,1.51861195580462,0.301187976506502
"NKG7",-0.88678371623876,-0.87520405330558,-0.861111191486393,-0.88678371623876,-0.871714857911474,-0.848117477464963,0.277430324495671,0.927352960082341,2.03659535487339,0.815736402768442,0.547883504515314,0.624716465910769
"CACNA1D",-1.60230740082816,-0.802910545582413,0.121758258671376,-1.58465894749999,-0.395733530608544,1.77797609483969,0.921114764796195,0.264407423890928,-0.0367898664797298,0.956227902602559,0.327452707416183,0.0534631387819088
"CHDH",-1.52884977972073,0.544857756979256,0.446407719128773,-1.48694500452096,0.27243003530158,1.92573292683921,0.93058182207206,0.295632508661645,-0.773795490518325,0.293658596576768,-0.22375444164894,-0.695956649150329
"XIRP1",-0.788125470362428,-0.661555005401455,-0.753049067303682,-0.758173821713864,-0.702339636184083,-0.763742517606913,1.07056614279237,2.26414883387708,-0.18321071832061,0.539045358629253,1.02202311510579,-0.285587213511471
"ZBTB8A",-0.743065048429638,-0.7206344041218,-0.732014040304878,-0.739020865482435,-0.717929673160885,-0.712977295413005,-0.514519453988988,0.884254034548644,1.79335214596925,-0.391970299169279,1.43976951445178,1.15475538510123
"GFI1",-1.28828054321004,-0.702873833299068,-0.694811213583492,-1.23956644817575,-0.848779369750481,-0.566008494959282,1.45360317845071,0.71217765343467,1.35621331307645,0.744152065365189,0.22398833051403,0.850185362137063
"ZNRF1",-0.872561413436177,-0.800830744015728,-0.687027059258704,-0.838612706548357,-0.843391218094152,-0.835712258058272,0.309587510564585,0.372099781085976,0.794486909141375,2.36491560597463,0.608622174464148,0.428423418180678
"ALOX15",-0.843322613553351,-0.837316038021035,-0.843322613553351,-0.823829173235766,-0.819873165261743,-0.815551575978911,0.669741434565905,2.15756723112228,0.933137911310694,0.109633284833734,0.913326696646951,0.199808621124593
"ENPP3",-0.952975284633637,-0.882539452735993,-0.887224233864522,-0.916882295386077,-0.899909185452034,-0.922504566910315,0.791822772227999,0.931179511094136,1.53164014160646,0.54781368463333,1.33331204566954,0.32626686375111
"CXCL8",0.651885707770847,0.030238034040544,2.93959391309648,0.125108580743963,-0.351719119943364,-0.130404091792999,-0.554436862837402,-0.546361704819977,-0.540786609060897,-0.53783504187784,-0.544534545905548,-0.540748259413807
"HLX",-0.614275243198244,-0.545623784158597,-0.564707045198463,-0.519069829808231,-0.593517318240539,-0.575504548258787,1.39728772373696,-0.0994172494773587,-0.22693075300831,2.64395192197116,-0.110921628117627,-0.19127224624196
"GNA15",-0.629086285474444,-0.564302129933556,-0.57288372017212,-0.578809765906567,-0.594264662954176,-0.605934547279182,0.621928785458866,-0.134402053891737,-0.103284659993599,2.90739625162909,0.0981635761464188,0.155479212371009
"DNAH7",-0.887578256003432,-0.837336053585151,-0.805247440425497,-0.830863982932384,-0.826461017267522,-0.813514211847915,2.03751000658335,0.301135560847542,1.3674728270944,0.612218536984535,0.10945556504791,0.573208465504162
"WNT11",-0.551017181862017,-0.41825087114227,-0.443981678233365,-0.551017181862017,-0.464631389010492,-0.538616434728352,2.1693084403596,-0.278020547179838,-0.225271014884625,2.0901935633578,-0.373787411766154,-0.414908293048275
"GJB2",-0.690176188847189,-0.607836759518979,-0.446776929332505,-0.690176188847189,-0.690176188847189,-0.577378749962437,2.03895636519797,-0.43455443644182,-0.350666515037493,1.71227427969676,-0.337532494231773,1.07404380617184
"CCR2",-0.790073327033919,-0.752247509791346,-0.786718879723865,-0.745880440340102,-0.773337326970132,-0.763646204266822,0.246346048043679,0.832470822676571,-0.262621409795464,0.993715534160571,2.32774369847598,0.474248994564852
"B3GNT5",-0.813885925800325,-0.809483095197251,-0.79436346158178,-0.792452835898838,-0.807583480377036,-0.805743437725112,-0.321610664403509,1.23405096962726,1.34084841586693,-0.0214288703936665,1.70749263339809,0.884159752485239
"BMP8A",-0.940413417121521,-0.8471825111537,-0.871514671825395,-0.900071160174164,-0.885817916817478,-0.851010985592515,0.428399507192707,1.55147729286496,1.41735297772935,0.295026844975708,1.21828647032129,0.385467569600755
"SLC22A4",-0.444371523544282,-0.429506111023435,-0.411414375041964,-0.444371523544282,-0.425026850340414,-0.444371523544282,2.44620955710691,-0.424593170018723,-0.344071488180492,1.79206986706057,-0.426181335385327,-0.444371523544282
"CYP1A1",-0.614257390278819,-0.0667101630527218,-0.536298474684855,-0.53274443470094,-0.31682318279523,-0.578129235925493,2.86002361357941,0.00731426899684468,-0.569065766804492,0.95219717834589,-0.399116304389281,-0.206390108290316
"ITK",-0.802619783809482,-0.28959565155857,2.34130547490086,-0.763352262513685,-0.701848603880089,-0.484372612056464,0.427239114435042,-0.454892427405475,1.40706758423899,0.560980302874048,-0.737474221027893,-0.502436914197276
"NLGN4X",-0.359710097892485,-0.080841523968852,-0.297839027039013,-0.362991421555723,-0.352229122172058,-0.368343950937854,3.15920908185924,-0.114374320977066,-0.296686812596317,-0.205403889960205,-0.370247219098001,-0.350541695661664
"INSM1",-0.789314396636153,-0.635724907872285,-0.746750226431601,-0.789314396636153,-0.789314396636153,-0.710413098466205,2.01057555208563,0.564504423755166,-0.0552683651194625,1.73144045335818,0.479287900646678,-0.269708542047635
"STRIP2",-1.34385444642019,-0.602314381603814,-0.874134243762837,-1.22925648925661,-0.591398521196857,-0.817793602063482,1.13347961326365,0.253522501358141,1.03868141598436,1.16749148675193,0.989438733060712,0.876137933884991
"MRC2",-0.933435499740419,1.04586490226056,1.62633582802984,-0.92404438468781,0.446675514991965,1.90289369641504,-0.505029117691539,-0.371325078778109,-0.503896686831982,-0.529749531947541,-0.653702998693975,-0.600586643326026
"LINC00996",1.8898531029321,-0.0702646646290242,0.922982236986504,0.391374633757034,0.949350755367014,1.01099078081841,-0.923698829658039,-0.946580871590744,-0.483649152608882,-0.91001589116873,-0.981209658586966,-0.84913244161868
"MAOA",-0.749699034860818,-0.727260364508472,-0.739749568743282,-0.746057967842131,-0.736559074229452,-0.747393616392072,-0.571204412118724,1.26249651749516,1.29922575894133,-0.289361648060043,1.72145520762101,1.0241082026975
"ASCL1",-0.366435562991777,-0.251363517910891,-0.296857703412564,-0.349460605290397,-0.359628941783382,-0.355687510074844,3.14711536119737,-0.171577513111473,-0.366435562991777,0.0914057678313902,-0.366435562991777,-0.35463864846988
"KCP",-0.796538067324809,-0.153722477840591,0.618977608991428,-0.704916104389014,0.209534065101575,0.586834084244455,2.74487487052878,-0.472925125013948,-0.669547663725185,-0.0480530678418727,-0.67961300987193,-0.63490511285889
"MCM10",-1.41142782470539,0.80470941921671,-0.798917467331386,-1.34876171542659,0.593002745129211,-0.697217158112864,-0.0263767187176106,1.56084612665703,0.165357952268383,-0.615081890760229,1.45667722459838,0.317189307184365
"GPR15",-0.99343060549945,0.347059117191507,0.0189794581797687,-0.99343060549945,-0.859245420815853,-0.842083281696042,2.19644457996178,1.33885766187624,-0.0989133423083732,-0.4696091114642,0.700946894930544,-0.345575344856473
"FLT1",-0.68914767876095,-0.644066807355304,-0.646313723340334,-0.60868091374393,-0.614559723644168,-0.639521803990595,1.37711911694708,-0.106914576501237,0.0893827592634681,2.57161016234224,-0.0788019492241919,-0.010104861992077
"ZNF521",2.16503193093181,-0.501249639812287,-0.623465658739803,2.03884995657933,-0.464056108030107,-0.583465961582277,-0.576923004422087,-0.389135932293291,-0.00488064304072752,-0.612511044492217,-0.230690614996502,-0.217503280101844
"OSM",-0.68516246143636,-0.322614924074036,-0.188709620208437,-0.546739676100587,-0.51170999196516,-0.455093523966196,1.10554710136936,-0.188607578869999,-0.589233686206495,2.81497543485135,-0.228480021542804,-0.204171051850636
"VLDLR",-0.530322884780613,-0.382805149722507,-0.432207264493237,-0.422604879163176,-0.347953357271821,-0.409071453914069,0.512762192246256,-0.343864889375614,-0.198545253935322,3.06098061412877,-0.250530326163337,-0.255837347555334
"SMAD6",3.02958033470575,-0.310820153965471,-0.231038872943287,0.657030625702573,-0.413946246858764,-0.371564270488049,-0.413946246858764,-0.386504501530906,-0.413946246858764,-0.413946246858764,-0.363469799435698,-0.367428374609857
"SHANK2",-0.67595336233055,-0.275760461769412,-0.607703985386328,-0.67595336233055,-0.0349940787271097,-0.201525773265279,2.18098477293936,-0.512121190380716,-0.329775814001868,2.01864394982909,-0.487607424535064,-0.398233270041571
"SLC47A1",-0.994049060389893,-0.700621380040745,-0.266975380718596,-0.994049060389893,-0.424492434866014,1.04788545597379,-0.759762113609501,1.26963795410061,0.442289265573172,-0.784958859880698,2.04132574897563,0.123769865272141
"HRH1",-0.827155377378355,-0.804149531060938,-0.623136257843995,-0.827155377378355,-0.752310401134892,-0.827155377378355,0.443722269586118,0.642084209962824,0.983805734735953,2.19347313826228,0.861922565193029,-0.463945595565313
"SH3RF3",-0.897455375754771,-0.829659659921697,-0.707068390948873,-0.802113015633454,-0.788645791255103,-0.827799958152406,-0.0185964215147111,-0.18786752884565,0.606987052500304,1.63698873659583,1.47516638724388,1.34006396568665
"MYO7A",-0.718108344089637,0.831519166485522,1.31330443483233,-1.25267947535927,-0.125365584833331,0.61914409506953,-1.30548770778821,0.403728233780173,1.38494020369113,-1.31450861924748,0.617112132582278,-0.453598535123041
"LOC101928100",-0.474176466530655,-0.460411087716171,-0.474176466530655,-0.358025436512624,-0.449098019763821,-0.462862085402049,0.365327529259628,-0.316669492356279,-0.201734688822807,3.08031951811936,-0.140662839431558,-0.107830464312374
"GNAI1",-0.684958444201587,-0.635949671170953,-0.467650056907011,-0.585551803619654,-0.549434136936314,-0.584252182465712,0.316749413769085,0.130115504717087,-0.244061907921837,2.93459888921904,0.364516572269637,0.00587782324821872
"ACTRT3",-0.629910026380034,-0.57918571255862,-0.348766004822265,-0.547600948702718,-0.514394952194785,-0.525678565190851,2.39634457691182,-0.123746771730498,-0.17358000858813,1.79822087347656,-0.350598459944772,-0.401104000275707
"LINC01478",-0.875406398161557,-0.875406398161557,-0.875406398161557,-0.875406398161557,-0.85373769714291,-0.875406398161557,0.449168328478648,0.276626705878614,1.07199131159827,0.308833420520124,1.42702720371426,1.69712271776078
"SLC8A1",-0.904810106155242,-0.904810106155242,-0.751817115038172,-0.886147204130618,-0.882359745989572,-0.904810106155242,0.315062214810351,1.62009311137944,1.34564182100339,0.0390046057455434,1.10772694741291,0.807225683272453
"TMPRSS3",-0.59886175368966,-0.489468239630309,-0.404838303187318,-0.59886175368966,-0.584626146187122,-0.59886175368966,2.59187535141031,1.38058421483045,0.237652520980648,0.0594507751094946,-0.518545572703028,-0.475499339554147
"MTRNR2L2",3.15075704569218,-0.375864389718253,-0.355417331787635,-0.285201665654374,-0.288839062177257,-0.369583558053567,-0.342348456398058,0.0380473088249291,-0.127382889623589,-0.381818563919118,-0.374532688139147,-0.28781574904611
"HAPLN3",-0.652820755687967,-0.595073893048784,-0.554338563972882,-0.50385479866313,-0.601759194038836,-0.610224201552414,0.927467949333695,-0.313972383318358,-0.139974281762085,2.81014158080168,0.0139427659111866,0.220465775997896
"ADGRD1",-0.706801282808925,0.374023830495744,-0.067807220329797,-0.706801282808925,0.0902156086441921,-0.410675099623637,2.90211945777533,0.379711900355097,-0.652782377472399,-0.0498082264804334,-0.471679359196858,-0.679715948549384
"CHRDL1",-0.722172553697572,-0.722172553697572,-0.722172553697572,-0.722172553697572,-0.722172553697572,-0.722172553697572,-0.469224972275324,1.35300228918396,1.56277502382442,0.178072467917896,1.8254685389607,-0.117058025426213
"PCP2",3.12720599945335,-0.419291235495577,0.123766575694471,-0.264060523474136,-0.407847258950028,-0.219406484760621,-0.493992485486188,-0.196560294237186,-0.395407130870234,-0.461025349871855,-0.106351388200097,-0.287030423801902
"HBA1",3.17513138944482,-0.308923297214143,-0.259573943426556,-0.281833757582541,-0.305302507927048,-0.291770983165541,-0.284330703828218,-0.286711523521096,-0.296407697020639,-0.293701473721627,-0.29530449110208,-0.271271010935331
"UNQ6494",3.16059545661975,-0.197386482946234,-0.36638715249365,-0.119577301942613,-0.113474417855332,-0.296932544232627,-0.36638715249365,-0.253959899510343,-0.36638715249365,-0.36638715249365,-0.36638715249365,-0.347329047664349
"LILRA1",-0.87704672291785,-0.851031456218005,-0.819369950964714,-0.87704672291785,-0.741629873391685,-0.87704672291785,0.617560747348024,0.576706674604472,-0.291945307953521,1.25780346231691,1.76515882878076,1.11788704423131
"CDH1",-0.719390216778904,0.110162038308627,-0.516211143933149,-0.566274808399583,0.187860704422168,-0.081903136215424,2.41865892739727,-0.539652678758772,-0.672060151651237,1.5868896325903,-0.588973752869307,-0.619105414111988
"SLC29A4",1.49998497333076,-0.276584447771688,0.296562795901184,0.784044631506616,0.119840288946254,2.09738896709627,-0.868807789198502,-0.635533935393262,-0.921594981267222,-0.856248695275647,-0.775433386452346,-0.463618421422421
"KIAA1462",-0.767931623006184,-0.767931623006184,-0.767931623006184,-0.722383739040131,-0.749667825331116,-0.767931623006184,0.5966039125394,0.0536912137569419,0.242157047023495,2.5336571042538,0.777712086943428,0.339956691878914
"IL1R2",-0.852547923672762,-0.814366576657455,-0.76789851876474,-0.852547923672762,-0.852547923672762,-0.774090527411314,1.93158973046508,0.366654051314627,0.864902096859455,0.609619648468965,-0.24517584367444,1.38640971041811
"MELK",-1.19311534779156,0.766910764296292,-0.63241242747204,-1.18456565575139,0.711281337215313,-0.351328840534765,-0.971908770301593,1.55138856026191,0.892501137773693,-1.01296015008332,1.14081404670665,0.283395345680815
"CLEC10A",-0.787748820147375,-0.746205694463543,-0.787748820147375,-0.787748820147375,-0.787748820147375,-0.787748820147375,0.35970363798388,2.41808002990294,0.613751800628253,0.178159621191085,0.966044818508028,0.149209886986232
"ACSM1",2.47654429727029,0.238406727489881,-0.891180377258821,1.18616612272765,-0.0337063943798819,-0.233522476089377,-0.807980250246603,-0.790986395359334,0.463763540227609,-0.891180377258821,-0.292214544478878,-0.424109872643724
"C3AR1",2.819268470891,-0.38460412616377,0.381496587500214,0.914180050281228,-0.607355745805369,-0.479802507812215,-0.650628659070221,-0.473656534989682,-0.127109466040959,-0.55966884402764,-0.40648627645823,-0.425632948304358
"LRP4",-0.788831161141772,-0.563717193446959,-0.324165186541684,-0.788831161141772,-0.62720604154654,-0.278400130846546,-0.531542159439051,0.646765417947506,0.223762732637162,-0.257992775640184,2.79218285443653,0.497974804723309
"CCL24",1.59348207382354,-0.241842727046319,-0.472871773384054,2.57976376179443,-0.42992278121143,-0.337233833070593,-0.327015853985302,-0.472871773384054,-0.472871773384054,-0.472871773384054,-0.472871773384054,-0.472871773384054
"CXCL9",-0.791744971027473,2.16867301367149,-0.00996065956721359,-0.791744971027473,1.73209264527164,0.472088173331943,-0.465575089984776,-0.780834110561361,-0.533532785525355,-0.343109410999389,-0.761640755638939,0.10528892205691
"GRTP1",3.16277696076176,-0.337543823106104,-0.337543823106104,-0.0367352553457364,-0.29733773417197,-0.21056829201176,-0.337543823106104,-0.255328917489569,-0.337543823106104,-0.337543823106104,-0.337543823106104,-0.337543823106104
"GBA3",-0.660092717540802,-0.660092717540802,-0.660092717540802,-0.660092717540802,-0.660092717540802,-0.660092717540802,-0.536048508743804,0.884816962826434,2.11090581074042,-0.52269985820097,1.53084597060871,0.492735928014024
"OPA1-AS1",3.1702295556947,-0.319313049376918,-0.319313049376918,-0.124517697001389,-0.319313049376918,-0.288478351698488,-0.319313049376918,-0.239452883012648,-0.319313049376918,-0.319313049376918,-0.282589278343747,-0.319313049376918
"CHRNG",3.17523955056612,-0.292089349003626,-0.292089349003626,-0.254346060529853,-0.292089349003626,-0.292089349003626,-0.292089349003626,-0.292089349003626,-0.292089349003626,-0.292089349003626,-0.292089349003626,-0.292089349003626
"ASB14",3.17423960324046,-0.291573483742098,-0.309276900114844,-0.22309622479757,-0.309276900114844,-0.272898823852078,-0.270158363317533,-0.309276900114844,-0.309276900114844,-0.260851306842119,-0.309276900114844,-0.309276900114844
"DLEU7-AS1",3.03540906897742,-0.308466804806731,0.373161183527536,-0.120885909210494,-0.109050529155973,-0.199067075038155,-0.622425965791892,-0.437286013823358,-0.116295972732398,-0.693285928285124,-0.614804730701816,-0.187001322959016
"BAALC",3.13525831410854,-0.25389546880945,0.192146664422348,-0.274994880095807,-0.238388639157191,-0.365732284352634,-0.365732284352634,-0.365732284352634,-0.365732284352634,-0.365732284352634,-0.365732284352634,-0.365732284352634
"MTRNR2L3",3.17520710626283,-0.293664768084206,-0.293664768084206,-0.254331346851713,-0.27789284665326,-0.293664768084206,-0.293664768084206,-0.293664768084206,-0.293664768084206,-0.293664768084206,-0.293664768084206,-0.293664768084206
"EQTN",3.03523344011575,-0.295965212110254,0.166729457926976,0.201118416945678,-0.144836489490332,0.0616113937703406,-0.587602503907134,-0.587602503907134,-0.259646242578984,-0.587602503907134,-0.468647688391283,-0.53278956446649
"NID2",2.0983127523945,-0.584757877006273,-0.57429198332796,-0.420373031734012,-0.545238545114433,-0.516052598845692,-0.681201912346364,-0.25347429884247,2.06631630884531,-0.593264843579053,-0.130467289036762,0.134493318593208
"TLE6",-1.00489372116844,-0.156796639648689,-1.00489372116844,-0.960500625653373,-0.898089218646032,-0.864351591951948,0.20414271354922,1.65227973139843,0.348765735459826,0.342126906126875,1.77368172197664,0.568528709725917
"HRASLS",3.17537309430875,-0.290503974967621,-0.290503974967621,-0.290503974967621,-0.27033334463254,-0.290503974967621,-0.290503974967621,-0.290503974967621,-0.290503974967621,-0.290503974967621,-0.290503974967621,-0.290503974967621
"LINC01033",3.14921962738565,-0.332318176749345,-0.394883823206554,0.0619728831333053,-0.313465834785033,-0.362742882012946,-0.32575940982633,-0.228397293155613,-0.183812097365924,-0.394883823206554,-0.280045347004105,-0.394883823206554
"HBG1",3.17469023062895,-0.29945934654774,-0.29945934654774,-0.29945934654774,-0.268300276282617,-0.283058681871462,-0.29945934654774,-0.29945934654774,-0.227656500092954,-0.29945934654774,-0.29945934654774,-0.29945934654774
"EOMES",-0.480969365543456,-0.436472974547952,-0.404241523898399,-0.480969365543456,-0.477752471811287,-0.455571048961023,-0.24062691926182,0.558358413149761,3.03279170402797,-0.345730928002251,-0.245026357905692,-0.0237891617023947
"PAK3",-0.773379119108353,-0.773379119108353,-0.773379119108353,-0.773379119108353,-0.715235278170148,-0.742774944140857,1.46447855225249,1.6045146386001,1.57138379692075,-0.447462967035144,0.3929959570596,-0.0343832790533757
"TPRG1",-0.92380620057598,-0.734729072916913,-0.784075960644584,-0.92380620057598,0.0706460171050627,-0.680976581397396,-0.645275382187443,1.44510817487389,0.45824847014146,0.0243901886830574,2.16107155293385,0.533204994560972
"ADGRF2",3.17535654100968,-0.290767585563727,-0.290767585563727,-0.290767585563727,-0.290767585563727,-0.290767585563727,-0.290767585563727,-0.267680685372414,-0.290767585563727,-0.290767585563727,-0.290767585563727,-0.290767585563727
"PALLD",-0.799477186090552,-0.80498407507919,-0.811089881847221,-0.782300501563831,-0.796659059610399,-0.801906063179845,-0.443522884397188,1.15292139089939,1.24858465800843,0.286934745170116,1.88523622772149,0.666262629968803
"DHRS9",-0.665543148568499,-0.691513482529166,-0.695305975640503,-0.704321137210117,-0.695224211430404,-0.689309904462675,-0.540118975212277,1.30056820681119,1.10950146817609,-0.504702246368801,2.02787953918016,0.748089867254999
"MOB3C",-0.903495576956589,-0.916164475904948,-0.9026486100717,-0.877767976744201,-0.91279169452444,-0.908949679284099,0.0761031452102793,0.923650345805071,1.48007517389987,0.739532344687073,1.29852064313895,0.903936360744729
"GAS6",-0.74715946532852,-0.877135050109105,-0.86724707108698,-0.883669957679528,-0.884243881105627,-0.875588726031282,0.148697938536672,0.846937736369364,0.356203654134594,0.756709380811082,2.04808967744042,0.978405764048914
"QSOX1",-0.886074365978163,-0.877572465653406,-0.870534754646467,-0.859766964085332,-0.895449524957097,-0.852200939407253,0.379014563815489,1.12433145013889,0.291760487605768,0.977260180051651,1.91400686879793,0.555225464317982
"LMO2",-0.839414747949406,-0.799047914389234,-0.847681971336362,-0.808617471188482,-0.789448861996233,-0.803449610344606,-0.15128253460966,1.46020760842098,0.791550077952908,0.18546119167417,1.9392949838901,0.662429249875829
"PADI2",-0.402011080713293,1.39179533245538,0.148037026820735,0.772648449700025,1.6638185244752,1.19461994414422,-0.87702343418323,-0.922311625547404,-0.927313490529034,-0.303177479881533,-0.909064734404273,-0.8300174323368
"CLEC4A",-0.792814183186082,-0.818462606584427,-0.81360944346887,-0.691839695241167,-0.798520395953971,-0.764904962092056,-0.0781065504281197,1.18635463527208,0.173384116255323,0.642184343658536,2.29565207842983,0.460682663338923
"FLJ23867",-0.806786707329286,-0.974213056965807,-0.821652902277614,-0.964763108292035,-0.953122459567288,-0.86955398008294,0.422590622695532,1.09157851869154,0.393187923620016,1.04818158616184,1.73815240514423,0.696401158201806
"SUCNR1",-0.664381147331643,-0.636196737863337,-0.653020085758259,-0.622804658600033,-0.646042665643234,-0.64858612826242,-0.636072978504417,1.36739418899815,1.30066837360249,-0.62232927170984,1.97866079550133,0.482710315571209
"TIGIT",-0.648085876851527,0.599974676313333,0.26581002181198,-0.561000628775237,1.32557329846729,2.44203198970224,-0.277692290827007,-0.685223329964889,-0.664653339988971,-0.41758445524,-0.698555348303652,-0.680594716343552
"EEPD1",-0.686184906254353,-0.913367177815104,-0.816103140976153,-0.860721901345833,-0.930885973529092,-0.916648998606659,-0.0436057853545645,1.38617802642779,0.84408645413778,0.279500799155934,1.73840773291042,0.919344871249832
"SDC2",-0.79476208171129,-0.762719099904289,-0.678514103997869,-0.771127833253396,-0.775808352385073,-0.761840130057484,-0.408557869170176,1.20511410673758,1.45896615782764,-0.404322189379258,1.41880182144907,1.27476957384455
"APCDD1",-0.73723366398941,-0.719385405194255,-0.73723366398941,-0.58880380371904,-0.70384583812677,-0.734941432274295,-0.584409130251732,0.732112881445596,1.57092981471131,-0.413789288546248,1.80714652673237,1.10945300320188
"RASL11A",-0.914573617958987,-0.822952586965075,-0.835089106128751,-0.791758312182762,-0.844591748652994,-0.722212254796709,-0.236801682870897,1.44395157332115,0.55473847297251,0.425690270175691,1.88824768074269,0.855351312344138
"RAB6B",-0.687774314290401,-0.680875959193966,-0.636794651932994,-0.650461685644686,-0.687774314290401,-0.673599147051378,-0.515020069799462,1.45687100609565,1.94458360536142,-0.492788125097071,1.34937603856586,0.274257617277423
"RGS9",-0.493493206598655,-0.975030137762087,-0.918396465729742,-0.809661595434893,-0.988583578686184,-0.978988875239422,0.299711091833359,0.718443698029019,1.9429724592979,0.717755692452954,1.17376296969001,0.311507948147735
"CKB",-0.412384461696315,2.78804083764575,0.344713147563192,-0.391888215557139,0.877518466600997,0.222254831363706,-0.560540149376258,-0.558277076480074,-0.53909626678556,-0.63780558045302,-0.578723356007168,-0.553812176818115
"ITGA1",1.25703903257761,0.546175013572455,-0.208107477920859,-0.113732773120332,0.313405402387612,-0.164542284006757,2.29018288861577,-0.967640632649986,-0.955808456897056,-0.0807549903783511,-0.994892169086669,-0.921323553093433
"SLC24A3",-0.760343678072901,-0.861124390900723,-0.841685218959825,-0.791811387722671,-0.8576908165794,-0.832154754705817,-0.0631210637428295,0.86565651190309,0.561569840829187,0.729674299964566,2.21656187585604,0.634468782131286
"CGNL1",-0.747776957342265,-0.655613415069361,-0.572637083687152,-0.669440468273031,-0.722076739219733,-0.698176555111255,-0.485941085063074,1.31345913715303,1.71986836498438,-0.519684286371955,1.71182917688398,0.326189911116434
"COL24A1",-0.623113772820233,-0.616890390619327,-0.533430284244798,-0.491832922766458,-0.617039809447347,-0.603931486117757,-0.623113772820233,0.200763881808991,2.20424361802424,-0.546508819288452,0.477296272799858,1.77355748549152
"GRIK4",-0.64434736161392,0.816224983260216,0.435032924691368,-0.636202913916233,1.96826217320578,1.77420545833051,-0.64434736161392,-0.604279653212225,-0.64434736161392,-0.616888789711077,-0.638205637413747,-0.565106460392826
"NGEF",-0.655287035888783,-0.586505150860841,-0.621399949996448,-0.6428858528158,-0.620478637518034,-0.561062184731608,-0.638399857832285,2.26299076147383,1.42450447221495,-0.362617535376695,1.01867198184816,-0.0175310105164555
"LMCD1",-0.381476019807098,0.872717448883916,0.301082025008888,-0.125730966847189,0.80768230731932,1.74592158336046,-0.247299758354348,-1.08255538299698,-0.988631665690144,1.29189415095466,-1.11047143455345,-1.08313228727804
"HMGN2P46",-0.31859317958229,-0.885716558976791,-0.864980729654413,-0.84746032680112,-0.866725231305232,-0.867743841354809,1.13024561452656,0.049341138405087,0.754568284160502,2.27806225389224,0.155315473024281,0.283687103665976
"PPARG",-0.751510151819312,-0.72631545911852,-0.118458142892383,-0.751510151819312,-0.729652563672545,-0.71699574197552,-0.658723963665805,0.62286752378952,1.98727950483562,-0.636648334974539,1.36546254659499,1.1142049347178
"TREM1",-0.595497397955215,-0.584025659348235,-0.531914266252714,-0.576882494116,-0.588033190886591,-0.595497397955215,-0.303987972720937,1.31238862104586,2.64249507140959,-0.360150557457302,0.23973327371172,-0.0586280294749613
"MYOCD",-0.566062854792007,1.60580624613719,0.946337305762581,-0.284057956721492,0.033294378475347,2.14620415311233,-0.575008890488963,-0.660947583994353,-0.656118432915887,-0.653561783763804,-0.667942290405472,-0.667942290405472
"CXCL10",-0.647537076822013,2.65308444935616,-0.33871824640875,-0.583028115206992,1.15131795963544,-0.0764808689983064,0.0573385540519016,-0.799786910139347,-0.624006963627966,-0.224699328402557,-0.789688568015846,0.222205114578271
"CXCL13",-0.517983870504099,-0.498439205574502,-0.452987044118411,-0.517983870504099,-0.498908458600195,-0.457741488776556,-0.507187102833078,0.132117988381515,2.92167553916054,-0.464521760445534,0.707710876871302,0.154248396943116
"FRMPD1",-0.611714691516854,0.636212129582855,0.12703717488254,-0.526898787960344,1.42885496920153,2.42250369740452,-0.568403261360789,-0.550863797745135,-0.552936176632515,-0.611714691516854,-0.587729829063544,-0.604346735275406
"LIX1",-0.587801554373933,-0.587801554373933,-0.587801554373933,-0.587801554373933,-0.585474153829958,-0.580451351258565,-0.556185897849455,0.454453428065017,0.273000587261697,-0.568232738037099,2.38418400859907,1.52991233454503
"LRRC4",-0.660343008644688,-0.566849592043986,-0.556703892993602,-0.407493953639953,-0.589371790959444,-0.516255962073154,-0.384891417411619,1.74457868252656,0.0405676140045053,-0.361979513010116,2.40949799296506,-0.150755158719556
"LINC01268",-0.777016284894782,0.686875901532858,0.453405587742942,-0.387076310411769,1.99088134934086,1.76385417821236,-0.538961548108238,-0.830593789176153,-0.37259054744848,-0.620254489536899,-0.848454605557515,-0.520069441695179
"ZNF385C",-0.731914604498333,0.934894260975289,0.374812866092394,1.56546396448379,0.744968719726775,1.70356500896865,-0.660051422539349,-0.85874849128679,-0.805979400134103,-0.698640439213578,-0.809566605472151,-0.758803857102595
"GUCA1A",-0.636906845822034,-0.636906845822034,-0.636906845822034,-0.636906845822034,-0.636906845822034,-0.636906845822034,-0.494594476993735,1.33396386450947,0.666747644459012,-0.566438352317124,2.34208390796491,0.539678487309668
"T",-0.653055763251011,1.93725096243894,0.623122498878447,-0.653055763251011,1.50721212965382,1.11062416808664,-0.653055763251011,-0.653055763251011,-0.606819416300768,-0.653055763251011,-0.653055763251011,-0.653055763251011
"TMPRSS6",-0.120750198670918,0.674780346671969,0.912697514928205,-0.865865445648675,0.372150444876632,2.08813087861908,0.849434219639361,-0.95700599817331,-0.991284722680526,-0.05163046326268,-0.93874104592558,-0.97191553037356
"LRP4-AS1",-0.606048891881544,-0.532600572027422,-0.606048891881544,-0.606048891881544,-0.582153931971104,-0.606048891881544,-0.403179093870601,1.32397255686362,0.632878899131299,-0.505594313258622,2.51713028522224,-0.0262582625632341
"LAMA4",-0.622740150519402,-0.622740150519402,-0.622740150519402,-0.603783180104263,-0.622740150519402,-0.622740150519402,-0.596925699355493,1.28911796617976,2.32004303872468,-0.622740150519402,0.778213216936219,0.549775560735502
"NRG4",-0.198994574073703,0.600412687535496,-0.245070595507004,0.046139121344619,2.49460704689622,1.28999845063474,-0.648751668338138,-0.673892577149391,-0.673892577149391,-0.642770159894662,-0.673892577149391,-0.673892577149391
"MMP12",-0.527870933063532,-0.527870933063532,-0.527870933063532,-0.527870933063532,-0.527870933063532,-0.527870933063532,-0.527870933063532,1.68350576173494,2.41181015598517,-0.527870933063532,-0.172448312369073,0.300099859157217
"PTGDR",-0.464750691277772,-0.464750691277772,-0.445103686550949,-0.464750691277772,-0.458984645015479,-0.464750691277772,-0.445169044856309,0.242686856320967,3.02315393364255,-0.464750691277772,0.0774423214394229,0.329727721408657
"NPPA",-0.556003483555549,-0.556003483555549,-0.556003483555549,-0.556003483555549,-0.556003483555549,-0.556003483555549,-0.556003483555549,0.741733408873633,-0.0685155915796592,-0.556003483555549,2.53833617129296,1.23647387985746
"C18orf61",-0.609818602914754,-0.594776936490896,-0.576470693237965,-0.609818602914754,-0.600031584861838,-0.609818602914754,-0.609818602914754,0.410837176539515,0.641882235496046,-0.404095141112459,2.61120737707988,0.950721978246731
"TSPAN7",-0.725914908272188,-0.682635022812449,-0.725914908272188,-0.55034193419939,-0.711834652521711,-0.725914908272188,-0.6302810624487,1.03038675211048,1.17220471904531,-0.37075394622365,2.1339142408319,0.787085631034762
"F12",-0.6382923436274,-0.591576653081189,-0.482936821347683,-0.486683574095095,-0.623094316565552,-0.5182994763203,-0.380227823598227,0.82234972571773,0.149708898729255,-0.510507119452934,2.79155072256143,0.468008781079969
"CHI3L1",-0.349996132881895,-0.0740973613546615,3.15179016819638,-0.349996132881895,-0.3029612603919,0.00897946863399334,-0.349996132881895,-0.349996132881895,-0.333738084910548,-0.349996132881895,-0.349996132881895,-0.349996132881895
"HSPA12B",-0.692854120435276,-0.681638511719944,-0.692854120435276,-0.674654832176813,-0.692854120435276,-0.681330856772795,-0.420244578696523,0.277095943259992,2.10708568078289,-0.416743427974949,1.35203301955407,1.2169599250499
"STYK1",-0.738038633469634,-0.738038633469634,-0.675692810610411,-0.738038633469634,-0.738038633469634,-0.738038633469634,-0.427346526438757,0.608907935938107,1.22260768226436,-0.199582157949813,2.18688040604078,0.974418638103909
"DNASE1L3",0.310046956211103,0.73585034000157,0.0277963667915084,0.503620062554344,0.812488767076445,1.89452427602641,0.713183719445292,-1.12536143996133,-1.04572932910432,-0.481878345275024,-1.24070329348632,-1.10383808027969
"DUSP15",-0.960070792685799,1.62373780354256,0.459787944622846,0.329985115893221,1.00849294309859,1.67192454642723,-0.374497526468629,-0.871923515537455,-0.811066562652611,-0.235178321166694,-0.906024650609115,-0.935166984464139
"S100A14",-0.677558449371495,1.60240682979984,0.38762051790666,-0.520441153196522,1.75032010627357,1.33227050195849,-0.232928118948479,-0.65406280985228,-0.746906856142447,-0.746906856142447,-0.746906856142447,-0.746906856142447
"EPB41L4B",-0.793124330796213,-0.45581616196976,-0.606168277685206,1.98919518691988,1.41989607978453,0.881919809962913,-0.109899225629373,-0.793124330796213,-0.793124330796213,0.783097507164132,-0.793124330796213,-0.729727595362269
"HPD",1.04935527521383,1.48721097329601,-0.206302265120334,-0.639553825442612,2.14116792675704,-0.14438378285205,-0.267288288646019,-0.855550442553893,-0.7357996897684,-0.272973564477244,-0.790397263371734,-0.765485053034596
"ALDH1A2",-0.617556813172833,-0.617556813172833,-0.617556813172833,-0.617556813172833,-0.617556813172833,-0.617556813172833,-0.617556813172833,2.34610328716214,0.384397882687653,-0.495696276785592,1.39944908916447,0.688643709981168
"KLHL30",-0.94955697276735,-0.894986326893623,-0.94955697276735,-0.861006548094564,-0.914050009557589,-0.837421830289489,0.0753950521187118,0.684077095956821,1.1369069571958,0.767065527083059,1.35420929458178,1.38892473343378
"LOC101927482",-0.933830630369411,-0.911674330676185,-0.83558802079131,-0.754068258530113,-0.904998172718381,-0.911066562040157,0.241158883418682,0.716984450748165,1.90653960175501,1.12677088193719,0.39464483092557,0.86512732634094
"GAS6-AS2",-0.873421917078563,-0.873421917078563,-0.873421917078563,-0.873421917078563,-0.873421917078563,-0.873421917078563,-0.258191707808263,1.03173066926424,1.3630166274629,0.649788832729699,1.21945060249096,1.23473647833185
"NT5C1A",-0.462551022474154,-0.172999289772568,-0.388480273134422,-0.462551022474154,1.70404751032855,2.50095104015872,-0.462551022474154,-0.432916632912381,-0.462551022474154,-0.462551022474154,-0.435296219822973,-0.462551022474154
"KCNK12",-0.688269772934036,-0.588803849524524,-0.688269772934036,-0.634469482702521,-0.666696924096961,-0.688269772934036,-0.102174026885301,2.17907285034763,1.4742193310909,-0.416192550656182,1.09684427006515,-0.276990298836082
"ADIRF",-0.667804761862734,2.85721490019866,0.113704640000302,-0.18380802788529,0.56720578858088,-0.222055303916288,0.47060159068549,-0.595650604880986,-0.667804761862734,-0.519462104899961,-0.667804761862734,-0.484336592294606
"CARD10",-0.532766503380486,-0.491962950202018,-0.532766503380486,-0.532766503380486,-0.506217243456244,-0.0716153301065058,-0.532766503380486,1.25876765405515,-0.349226453795402,-0.532766503380486,2.71265840991459,0.111428430492864
"ZNF488",-0.723423139810537,-0.723423139810537,-0.649497541479602,-0.723423139810537,-0.658335597072496,-0.654905115750983,-0.281345088278805,1.62789407953478,1.90135798997096,-0.632213644811626,1.11267091574407,0.404643421575309
"CNRIP1",-0.569233527496766,-0.569233527496766,-0.569233527496766,-0.569233527496766,-0.569233527496766,-0.569233527496766,-0.569233527496766,-0.254664515345243,2.08950506116417,-0.338259789101605,0.505345357285904,1.98270857847413
"CNKSR3",-0.757674718755415,0.992410285130384,1.01791883356123,-0.757674718755415,1.77065007577454,1.46708258662814,-0.757674718755415,-0.678743229452183,-0.223971300136681,-0.757674718755415,-0.757674718755415,-0.556973657728349
"COLCA2",-0.706820499192302,-0.706820499192302,-0.706820499192302,-0.442289827836726,-0.689141907492745,-0.678904969112658,1.63462123220761,-0.110348112099601,-0.0651894166857757,2.3774978126609,0.157603474921196,-0.0633867889853003
"KIAA1549L",-0.631295512590255,-0.631295512590255,-0.631295512590255,-0.605922185857585,-0.614338511684927,-0.615229854978679,-0.602502299616232,0.582305195847717,2.25834882468778,-0.609909307461169,0.663439422805011,1.43769525402884
"CFI",-0.487946836389394,-0.487946836389394,-0.487946836389394,-0.487946836389394,-0.487946836389394,-0.487946836389394,-0.487946836389394,0.757797492275149,2.91374178400741,-0.487946836389394,0.0702212074234544,0.161814207409134
"RYR2",-0.595023285174749,-0.595023285174749,-0.595023285174749,-0.595023285174749,-0.595023285174749,-0.595023285174749,-0.170031516584704,1.64409080703559,2.32483409624874,-0.595023285174749,0.581729488480066,-0.215459878956453
"P2RY2",-1.23823678276429,1.62950072580636,0.969359084186288,0.377529210463668,1.04233637642407,0.521420152328618,0.697984989056236,-1.23823678276429,-0.879917848695871,-0.584540497637614,-1.09202297717633,-0.205175649226841
"TMPRSS15",-0.854237169482287,-0.854237169482287,-0.854237169482287,-0.104442735072223,-0.761728649416386,-0.854237169482287,-0.225914381734525,0.280751999705941,1.70387833481234,-0.270877471218673,1.885873356552,0.909408224300677
"PTGIS",-0.508602246177681,-0.508602246177681,-0.508602246177681,-0.508602246177681,-0.508602246177681,-0.508602246177681,-0.508602246177681,-0.0582332789342948,2.60911919925793,-0.508602246177681,0.0633953674934134,1.4545366816044
"C3",-0.329934011371944,-0.00412479557494013,3.01433175436786,-0.221815086846585,-0.264633766255188,0.608106439920225,-0.500788973956873,-0.500788973956873,-0.414863417869368,-0.448536439997727,-0.500788973956873,-0.436163754501711
"LINC00312",-0.890342402109207,0.33780458570817,2.08003458566137,0.196684937395692,1.39800866391619,0.199425261729235,-0.396926461429258,-0.890342402109207,-0.890342402109207,0.636680437564639,-0.890342402109207,-0.890342402109207
"CREB3L1",-0.713662064716545,1.15344072479862,-0.0927470667286328,-0.562177010552185,2.05012172348979,1.4924050347887,-0.713662064716545,-0.651557802578174,0.126186703034633,-0.713662064716545,-0.713662064716545,-0.661024047386565
"CSMD1",-0.676555360467435,-0.676555360467435,-0.44939890303752,-0.593426087453261,-0.609888982536997,-0.676555360467435,-0.676555360467435,0.959307300531866,2.20392754798401,-0.396289441276975,1.51751574622799,0.0744742614306259
"LOC101928766",-0.617055606941365,0.323753473270707,0.825049116953339,1.41493306642465,1.75052905393094,1.01202822615491,-0.592021186591735,-0.841114291628975,-0.841114291628975,-0.841114291628975,-0.795133636015601,-0.798739632298919
"MIR548AC",1.44844626142584,-0.569253090860579,-0.562788776160385,-0.118435917883555,0.238247897917631,-0.188022524121075,2.31939315081259,-0.847321717998426,-0.654892286142482,0.556906669544696,-0.847321717998426,-0.774957948535834
"IL12B",-0.668197009966021,0.478314997893492,0.564218949697934,-0.555444500157293,1.59237894570019,2.22316410633457,-0.591427249441914,-0.621971912285276,-0.668197009966021,-0.573162238649103,-0.668197009966021,-0.511480069194529
"PTPRT",-0.572718025903219,-0.572718025903219,0.0142172501009464,-0.572718025903219,-0.572718025903219,-0.572718025903219,-0.572718025903219,0.894921762044432,2.80130530590784,-0.572718025903219,0.0751816615890416,0.223400201680271
"KLRC4-KLRK1",-0.672809955923958,-0.672809955923958,-0.672809955923958,-0.0834070376890443,-0.633420143451148,-0.610611138642385,-0.137734553914575,0.857559354062807,-0.536655348318395,-0.672809955923958,1.84584467915404,1.98966401249454
"KLRC4",-0.690001208455122,-0.690001208455122,-0.424670658855951,-0.690001208455122,-0.638088012014216,-0.567040249114716,-0.60185191073257,0.212308083487859,1.73247749955739,-0.690001208455122,1.26260000892605,1.78427007256664
"CTSLP2",-0.611051120686226,-0.611051120686226,-0.611051120686226,-0.611051120686226,-0.611051120686226,-0.611051120686226,-0.611051120686226,0.320464814522073,0.569925358505842,-0.371661675551908,2.49454771787223,1.26408162945535
"GRIN2A",-0.933313121239013,0.148685144194882,0.5059840713473,1.75880862346247,1.06139185798989,1.58649152356539,-0.773923211894878,-0.885326687007241,-0.365498965062965,-0.440033492602304,-0.933313121239013,-0.729952621514527
"C15orf27",-0.593326393822077,0.530303373652613,0.312538033695757,-0.42757312367304,2.79632599495175,0.666075803266151,-0.593326393822077,-0.457418800872885,-0.593326393822077,-0.453619311909957,-0.593326393822077,-0.593326393822077
"CSRP2",-0.680543940503314,-0.680543940503314,-0.680543940503314,-0.680543940503314,-0.59749019983931,-0.680543940503314,-0.680543940503314,0.423360010372216,1.04195465906541,0.366931579781797,2.52143777903936,0.327069814600416
"CRISPLD1",-0.799220827479275,-0.799220827479275,-0.799220827479275,-0.799220827479275,-0.757685184150941,-0.733633617795682,-0.799220827479275,1.15425261371447,1.78507291630328,0.772324388589965,0.91927867971115,0.856494341024127
"C1QC",-0.573744581811371,-0.573744581811371,0.210100537201814,-0.573744581811371,-0.573744581811371,-0.573744581811371,-0.573744581811371,0.238770966891344,0.872020632965363,-0.573744581811371,-0.101783289363818,2.7971032249849
"RAB3C",-0.541991837953478,-0.541991837953478,-0.541991837953478,-0.541991837953478,-0.461531043582207,-0.457290305023131,-0.541991837953478,-0.322619539198683,0.385075949164864,-0.429239257150859,2.58524332264057,1.41032006291684
"C1QB",-0.526517285577341,-0.526517285577341,-0.469130518918718,-0.526517285577341,-0.526517285577341,-0.526517285577341,-0.526517285577341,0.231143732602998,1.91855244332108,-0.526517285577341,-0.241453644542718,2.24650898657875
"FST",-0.607572421434063,-0.607572421434063,-0.607572421434063,-0.607572421434063,-0.607572421434063,-0.607572421434063,-0.607572421434063,1.74548281796278,0.0943581406513857,-0.607572421434063,1.04733464198901,1.97340377086933
"MIR501",-0.842570838014658,-0.842570838014658,-0.842570838014658,-0.842570838014658,-0.842570838014658,-0.842570838014658,1.37755939226697,0.0829053716514117,1.76480540956649,0.214483835236524,1.23804781022144,0.377623209145121
"FFAR3",-0.768417014741537,-0.768417014741537,-0.768417014741537,-0.576693440789084,-0.768417014741537,-0.768417014741537,1.32020315119521,0.646397937727199,0.0287844396579615,0.524354634424763,2.26773479192521,-0.368696440433582
"SLC24A4",-0.600601790565083,0.614507620783254,0.553944267086033,-0.0372510174470789,0.246495015401948,2.7880238693305,-0.600601790565083,-0.562109011764152,-0.600601790565083,-0.600601790565083,-0.600601790565083,-0.600601790565083
"SCNN1G",-0.658890000784958,1.18531592288657,1.22818853165687,-0.658890000784958,0.587213927388625,2.11042469865634,-0.658890000784958,-0.658890000784958,-0.658890000784958,-0.658890000784958,-0.658890000784958,-0.49891307509369
"MRO",-0.675308683811438,-0.675308683811438,-0.675308683811438,-0.0864486701754446,-0.675308683811438,-0.675308683811438,-0.675308683811438,2.54355378429499,1.22910003652279,-0.0135386197007283,0.508848811947498,-0.129663240020476
"PRL",-0.541067444041305,-0.541067444041305,-0.541067444041305,-0.541067444041305,-0.541067444041305,-0.541067444041305,-0.541067444041305,1.09093788800161,2.70451274426733,-0.541067444041305,0.341849208423174,0.191239711638326
"HHIP-AS1",-0.218949199722358,-0.47994855000941,-0.47994855000941,-0.195840117994955,-0.47994855000941,-0.461959624704519,0.177750187758278,-0.316882414615191,-0.361814065793476,3.11201316040015,-0.0514564785649904,-0.24301579673471
"LHX3",-0.450389054642462,0.131656136516464,-0.450389054642462,-0.450389054642462,2.95803523138257,0.745633447825002,-0.450389054642462,-0.450389054642462,-0.232212378584338,-0.450389054642462,-0.450389054642462,-0.450389054642462
"SERPINB2",-0.530728009413465,0.41737722118182,1.51593967951154,2.50571940054608,-0.449557665418537,-0.274382569926647,-0.530728009413465,-0.530728009413465,-0.530728009413465,-0.530728009413465,-0.530728009413465,-0.530728009413465
"CCL18",-0.483333014203477,-0.483333014203477,-0.483333014203477,-0.483333014203477,-0.483333014203477,-0.483333014203477,-0.483333014203477,-0.0216999835908104,1.30031237071148,-0.415541780656331,-0.21039853312535,2.73065902608535
"CAV2",-0.875209403349071,1.28903946062108,0.924121874183757,0.222250784116047,1.23707743766352,1.62635892782353,-0.875209403349071,-0.875209403349071,-0.875209403349071,-0.50520654266917,-0.875209403349071,-0.41759492499341
"LOR",-0.514271288440843,1.24042905349209,0.193043819578592,-0.514271288440843,2.7032868696232,-0.0225894351671443,-0.514271288440843,-0.514271288440843,-0.514271288440843,-0.514271288440843,-0.514271288440843,-0.514271288440843
"PLA2G2C",-0.607032305618168,0.349096025235292,0.356499753754829,-0.465988162690839,2.44698643532465,1.44698447515479,-0.607032305618168,-0.491384693069714,-0.607032305618168,-0.607032305618168,-0.607032305618168,-0.607032305618168
"CCL13",-0.465267440251984,-0.465267440251984,-0.465267440251984,-0.465267440251984,-0.465267440251984,-0.465267440251984,-0.465267440251984,-0.207414785504846,1.02915886959443,-0.313803845755587,-0.126485209677454,2.87541705310734
"SERPIND1",-0.870911967157267,2.62122742866246,-0.870911967157267,-0.572669471662773,0.444570583001641,-0.115557831955564,0.347473592298471,-0.870911967157267,-0.0441683860369803,0.637351081056256,-0.870911967157267,0.16542087326556
"FN1",-0.388477632597498,-0.400090577591695,-0.485629224265533,-0.485629224265533,-0.445874497265958,-0.460519208802197,-0.476628683602997,-0.350142651015581,1.75883160497938,-0.407635620738937,-0.32613194309539,2.46792765826194
"LINC01013",-0.926944674078923,-0.844982586761282,-0.888689334295358,-0.77294718339746,-0.825899320939895,-0.84273428778064,0.0834494046341186,0.594017637959636,1.93515194662403,0.371041183186595,1.3428579329375,0.775679281911679
"NCALD",-0.672106782548356,-0.619646987362988,-0.594569960842233,-0.672106782548356,-0.615217589105768,-0.618207964664812,-0.569068268643965,0.840172011912089,2.39552200400908,-0.592385926812914,0.904184888499053,0.813431358109167
"ASMT",-0.825363471439042,0.893752482939844,0.469448347329481,-0.427945772520608,0.688524336916563,2.49910097737569,-0.325813358051231,-0.731365877895489,-0.804177656812976,0.050707086672768,-0.767730298187737,-0.719136796327266
"ADGRA3",-0.647684357743263,-0.589110486547717,-0.595740215092934,-0.581151906821434,-0.598139142853783,-0.617594053300143,-0.570027342143111,0.466746516102447,2.39543350725539,-0.35928499313678,1.53838528350681,0.158167190774519
"ATP8B1",-0.720701952562863,1.91453783431018,0.787457725645442,-0.541700834854053,1.58808937927697,0.897517644231662,-0.693618302297212,-0.614701381394347,-0.693135267489335,-0.620119829138811,-0.638211327522783,-0.665413688204854
"GZMA",-0.427486583585377,-0.373089145298333,-0.427486583585377,-0.427486583585377,-0.427486583585377,-0.427486583585377,-0.407453273380281,-0.162109725235197,2.97774407453843,-0.402686961428625,-0.294358809779061,0.799386758509956
"PPP1R14A",-0.304112349617803,-0.581300980717373,-0.621283429243816,-0.44359888515766,-0.575835797037151,-0.624998779251999,1.11986520236771,0.0439440968006432,-0.384406559590712,2.78810728919626,-0.190933707140627,-0.225446100607476
"CD209",-0.439326258047281,-0.406487878649706,-0.439326258047281,-0.439326258047281,-0.428642940024659,-0.439326258047281,-0.348624177882285,-0.100718746203157,3.08728799140155,-0.371957142492395,0.0529150212096376,0.273532904830143
"GRIN2D",-0.623357106567651,0.366618290124154,1.32825769400309,-0.471562222150981,1.52993340503567,1.81745920391143,-0.253687266829192,-0.756182826585914,-0.863231017739518,-0.548828518522236,-0.778843230426914,-0.746576404251946
"THBD",-0.604438329928524,-0.550430232188323,-0.514634924117117,-0.604438329928524,-0.56929739456324,-0.604438329928524,-0.54476855449311,0.545281530291303,2.64482966777734,-0.604438329928524,0.519048609744589,0.887724617262653
"LTK",-0.262809821049235,0.921645464094239,0.71538280884163,-0.526825754805574,1.69625011394582,1.79932275541076,-0.61093648712628,-0.683037230433797,-0.842135638730217,-0.719475966755899,-0.695812539643018,-0.791567703748435
"SMAD1",-0.822904704863529,-0.746976166059326,-0.738736568748075,-0.638093688384429,-0.625289903665826,-0.783899038993976,-0.487352145217382,0.414621205888841,1.14093369831508,-0.147900824445765,2.01086861754869,1.42472951862569
"PTGDS",-0.329946931493836,-0.253125556493346,3.16152536637221,-0.329946931493836,-0.296623842469291,-0.00107751777710436,-0.329946931493836,-0.329946931493836,-0.329946931493836,-0.329946931493836,-0.329946931493836,-0.301069929175617
"FAM132B",-0.840969781220555,-0.840969781220555,-0.840969781220555,-0.840969781220555,-0.683670156759552,-0.840969781220555,-0.306776074075499,0.721340520271936,1.64461198151412,0.19819820992539,1.01849566275028,1.61264876247611
"PTPRR",-0.434182532196434,-0.434182532196434,-0.434182532196434,-0.434182532196434,-0.395471085230329,-0.434182532196434,-0.434182532196434,-0.157127410686336,3.04487156977338,-0.434182532196434,0.0754336786937205,0.471570972824603
"SH2D1B",-0.38171089652024,-0.38171089652024,-0.38171089652024,-0.332412198449332,-0.38171089652024,-0.38171089652024,-0.247446949705252,-0.260445100961786,3.10308171850738,-0.38171089652024,-0.344534771358912,0.372022681089347
"FAM171B",-0.729094815130194,-0.604481370843774,-0.729094815130194,-0.729094815130194,-0.627743509156149,-0.729094815130194,-0.660256469142037,0.597285466172045,1.93341594233963,-0.0473642562062772,1.82501718311197,0.50050627424536
"PENK",-0.277466515648177,-0.507839362288023,-0.507839362288023,-0.507839362288023,-0.457562418285837,-0.507839362288023,-0.507839362288023,0.0062014603096615,2.88100725752061,-0.507839362288023,-0.035075071147601,0.929931460979483
"VWA5B2",-0.916772161867617,1.62644745204642,1.24053191293073,-0.80911601470396,1.14090149514783,1.17361389966915,0.109425065228354,-0.651957697319661,-0.916772161867617,-0.614308020303213,-0.564977210862232,-0.817016558098177
"CXCL5",-0.128484240521542,-0.227738665185269,0.15614004348358,2.73977870788381,-0.397818565467289,-0.26457126861379,-0.566234570897419,-0.615546246466178,-0.627928825847955,1.15409644014878,-0.593763982668773,-0.627928825847955
"HGF",-0.37692080683889,-0.34654305968428,-0.37692080683889,-0.031868323465806,-0.357155206975733,-0.37692080683889,-0.37692080683889,-0.0939987720928427,-0.171955817834609,-0.37692080683889,-0.265404842688033,3.15153005693575
"PPP2R2B",-0.469591834178041,-0.469591834178041,-0.469591834178041,-0.469591834178041,-0.400523339774617,-0.469591834178041,-0.469591834178041,-0.187124183183377,3.03195420166095,-0.0824392559818771,0.526254571141891,-0.0705709887947253
"LOC100131289",-0.756647473664168,0.254338643050679,1.55945779329786,-0.537913882762465,0.427408226953804,2.32488389663587,-0.756647473664168,-0.442788068855775,-0.605062274551662,-0.572285308902292,-0.138096603873512,-0.756647473664168
"HPGD",-0.511300244938793,-0.362851315186019,-0.511300244938793,-0.31056326810565,-0.4147103914953,-0.435039731516284,-0.511300244938793,-0.280871300533269,0.100798334429126,-0.375945438412185,0.60887964170775,3.00420420392821
"CX3CR1",-0.637053771244879,-0.545555259483289,-0.637053771244879,-0.562817595882718,-0.547752071434026,-0.637053771244879,-0.434873139897636,0.64119828240828,2.75842359872595,-0.386770457429385,0.59453846150405,0.39476949522341
"RBM20",-0.493878802171462,0.934214021183418,2.63119133099205,-0.645837826822146,0.116929209926183,0.768086146602454,-0.420587640893142,-0.306765131528775,-0.645837826822146,-0.645837826822146,-0.645837826822146,-0.645837826822146
"MMRN1",0.626937094789408,-0.592693031969115,-0.955959643048675,1.31120828251254,-0.774141772788385,-0.955959643048675,-0.276755489067961,0.010689004997575,1.55792292981779,1.56644023199545,-0.750799210354446,-0.76688875383551
"NSG1",-0.478100615233908,-0.217667696122833,1.006614080747,-0.478100615233908,-0.11498616333799,2.88572257737445,-0.395890859662489,-0.379099290867246,-0.478100615233908,-0.478100615233908,-0.478100615233908,-0.394189571961347
"CADM3",-0.864954446709582,-0.831092002988923,-0.789880204081734,-0.315477026401757,-0.578526041589827,-0.864954446709582,-0.490831954518545,1.47784336497443,1.11517923039727,-0.494447671675669,1.74551774718545,0.891623452118464
"MIR146A",-0.854886841318992,1.07141633403093,1.47457643965908,1.13423574957874,0.626367867354503,1.24420477757566,-0.725902729111978,-0.621892633235153,-0.854886841318992,-0.854886841318992,-0.783458440575814,-0.854886841318992
"CXCR6",-0.418964198671555,-0.376133963906285,-0.324008044204361,-0.418964198671555,-0.418964198671555,-0.418964198671555,-0.418964198671555,-0.361978795570079,2.95252183633305,-0.418964198671555,-0.261735458161354,0.885119617538363
"GNLY",-0.618025814537585,-0.49404513738565,-0.434779432706207,-0.0144847658338291,-0.53735648633243,-0.618025814537585,-0.344070631017764,-0.453070172734148,2.63512097081934,0.0602430256710555,-0.567455812027719,1.38595007062253
"FLRT3",-0.4052676967454,-0.4052676967454,-0.4052676967454,-0.4052676967454,-0.4052676967454,-0.4052676967454,-0.4052676967454,-0.4052676967454,2.78313622370801,-0.4052676967454,-0.4052676967454,1.26954074374599
"GLUD1P7",-0.713500880612769,-0.606451933342159,-0.634390438901929,-0.713500880612769,-0.504543319004847,-0.713500880612769,-0.319264527701305,2.0875843750791,1.77435779159821,-0.615894319414778,0.465421292791863,0.493683720734157
"SLC1A1",-0.857890941329775,-0.787175846598086,-0.857890941329775,-0.571021894381121,-0.512804554663741,-0.748908624516691,0.0796470944288455,1.353131545872,2.24345065955542,0.786287386782171,-0.425235313023532,0.298411429204292
"NCR1",-0.424512228352783,-0.424512228352783,-0.424512228352783,-0.424512228352783,-0.424512228352783,-0.424512228352783,-0.424512228352783,-0.335222451937354,2.89606902986324,-0.424512228352783,-0.178152312968211,1.01340356186459
"CX3CL1",-0.878786857353288,1.28693834142199,-0.354987967148013,-0.495412143369383,0.940300037646338,1.42726020098431,1.55747636770234,-0.721614891671138,-0.878786857353288,-0.124812516153292,-0.878786857353288,-0.878786857353288
"MMP2",-0.364734661705928,-0.207534698106478,3.12044446644833,-0.364734661705928,-0.364734661705928,0.281313778201796,-0.364734661705928,-0.364734661705928,-0.276346252896221,-0.364734661705928,-0.364734661705928,-0.364734661705928
"VAT1L",-0.567554996130358,-0.524082255676515,-0.567554996130358,-0.42647073490372,-0.171551071366234,-0.478224516957089,-0.471495006277688,0.589250074990513,0.507950339637696,-0.448640476845289,-0.354771845301058,2.9131454849601
"DCC",-0.601277013141825,-0.601277013141825,-0.601277013141825,-0.601277013141825,-0.547185239235396,-0.601277013141825,-0.0501857058076887,-0.158841530930819,1.45542957351753,-0.601277013141825,0.415994806175153,2.49245017513217
"IFNG",-0.492193308661769,-0.492193308661769,-0.492193308661769,-0.492193308661769,-0.492193308661769,-0.492193308661769,-0.492193308661769,0.0517168482577949,2.63385569690165,-0.492193308661769,-0.192052204909697,1.44402612904441
"SORBS2",-0.515515884579415,-0.515515884579415,-0.515515884579415,-0.515515884579415,-0.263789903614235,-0.515515884579415,-0.515515884579415,-0.0743113311343778,-0.266911704166756,0.0892028496779109,0.634184596196906,2.97472080051704
"SHOX2",-0.720619413410614,-0.720619413410614,-0.720619413410614,-0.720619413410614,-0.550650266572093,-0.720619413410614,-0.720619413410614,0.20620520349053,2.21695264393613,0.232115896381713,0.877634912018578,1.34145809120882
"RARRES2",-0.538962357802309,-0.150457379895711,-0.443259095594737,-0.538962357802309,1.87653721942098,2.34387462347913,-0.538962357802309,-0.366661078155113,-0.538962357802309,-0.184725946622059,-0.38049655362094,-0.538962357802309
"LOC100129316",-1.00238105680072,-1.00238105680072,-1.00238105680072,-0.789555737884708,-0.774811110546018,-0.912544493630715,1.41272390691815,1.26616844587069,1.06248860933074,0.791442029527431,0.228053573131093,0.723177947685508
"FCN1",-0.495680163161459,0.465664535078293,3.0057994270307,-0.495680163161459,-0.138246441519951,0.0687285848618735,-0.495680163161459,-0.495680163161459,-0.495680163161459,0.0678150366792969,-0.495680163161459,-0.495680163161459
"FCAR",-0.469450734607736,0.642710211289294,3.01653947215724,-0.282760134484545,-0.394591508413427,-0.114829447559433,-0.469450734607736,-0.418425758215276,-0.469450734607736,-0.469450734607736,-0.187884146109166,-0.382955750233751
"MAB21L3",-0.746583246661376,1.49827384873921,0.912392772466759,-0.746583246661376,1.3470004935335,1.55985244055466,-0.581237524603794,-0.348347165109186,-0.746583246661376,-0.746583246661376,-0.655018632274265,-0.746583246661376
"HSD11B1",-0.721365118262163,-0.493896805953901,-0.721365118262163,-0.721365118262163,-0.721365118262163,-0.721365118262163,-0.386279981476495,2.10332526802441,1.66606436173448,-0.306556746727325,0.206446649554449,0.8177228461552
"FSIP2",-0.00879197967620786,0.290847495539951,3.0087684139099,-0.538871768519725,-0.346062645909015,0.374498869822004,-0.538871768519725,-0.460019115910738,-0.538871768519725,-0.37675758846578,-0.393829908899148,-0.472038234851795
"B4GALNT1",-0.565560961689524,-0.615133382890151,-0.640152563344234,-0.396564566313677,-0.558757602216498,-0.640152563344234,1.9029063970699,-0.340561565972318,0.260165426324137,2.2342013189473,-0.395233103811239,-0.245156832759464
"SRCIN1",-0.778189352648649,-0.778189352648649,-0.778189352648649,-0.778189352648649,-0.319761951981513,-0.778189352648649,0.389434378773362,0.0420438674283512,2.5890805767318,0.908138646805796,-0.131586492977065,0.413597738462519
"MIR532",-0.920623132084526,-0.920623132084526,-0.920623132084526,-0.760836600042147,-0.279910844638254,-0.920623132084526,-0.267860342820844,0.651559638322542,2.17993242917228,0.426156337208982,0.766306155188197,0.967145755947356
"NMRK2",-0.626319504188928,2.45994218311801,1.31404896679853,-0.626319504188928,0.122974728347895,0.698841434388483,-0.626319504188928,-0.319882562719947,-0.626319504188928,-0.626319504188928,-0.569953380315452,-0.574373848672881
"CDA",-0.351099175786537,-0.213339884015742,3.1611992179591,-0.351099175786537,-0.351099175786537,-0.0680228521873545,-0.351099175786537,-0.259455167581167,-0.351099175786537,-0.162687083669078,-0.351099175786537,-0.351099175786537
"HEY1",-0.63489724343573,-0.514919921118496,-0.63489724343573,-0.440213037812102,-0.400703733281148,-0.573263035535358,0.955757531583203,-0.23582424554341,0.0396960815277803,0.185562052408039,-0.561491609226204,2.81519440386916
"TNFSF11",-0.668117224973944,2.11008092516685,-0.00480108540133453,-0.529406062544028,1.86261205443804,0.561473396852858,-0.668117224973944,-0.668117224973944,-0.668117224973944,-0.200459924112318,-0.458913179530358,-0.668117224973944
"CACNA1B",-0.505873653649346,-0.334287552699411,0.0858791104572746,-0.32025466546997,0.889680053886306,2.91224927145644,-0.495341792543821,-0.480507608214827,-0.505873653649346,-0.401572897219004,-0.424221458208924,-0.419875154145376
"IL17REL",0.084312735850301,-0.420609852963514,-0.00849786939046215,-0.489351666986481,-0.0302041580205478,0.349543863834333,3.01935005539265,-0.40799569897814,-0.616494549973732,-0.295002953118871,-0.568555355671809,-0.616494549973732
"CATIP-AS1",-0.785368709015554,0.273536825725399,2.44262425791237,0.288543525396212,0.161989783561789,1.25454191579748,-0.785368709015554,-0.433151641596352,-0.785368709015554,-0.061241121719132,-0.785368709015554,-0.785368709015554
"VWA1",-0.746033280257869,-0.474270076232106,-0.746033280257869,-0.746033280257869,-0.710668164332953,-0.746033280257869,-0.385730658221494,1.71270745600301,0.843123949294244,0.146017888232117,2.04734766328483,-0.194394936996165
"KCNJ5",-0.349195195782802,-0.152510404458441,3.13926225091568,-0.349195195782802,-0.349195195782802,0.15600491558798,-0.349195195782802,-0.349195195782802,-0.349195195782802,-0.349195195782802,-0.349195195782802,-0.349195195782802
"ASPM",-1.12160757367551,1.03981937604461,-0.628766557132229,-1.10359730049046,1.15588600706856,-0.31392729647622,-1.08411528957971,0.972911963710397,1.31721461794548,-1.08964506281296,0.746041309907098,0.109785805490938
"KIF20A",-1.03744507865219,1.26450164242756,-0.704246093523499,-1.02931600036075,0.743925824902302,-0.545897260117144,-1.03744507865219,1.37874408704722,0.861063321054307,-1.02374170126831,1.07132106485732,0.0585352722853671
"HJURP",-1.12900165403051,0.971151477608075,-0.632690577742807,-1.08780766874763,1.03034760610409,-0.341774069793293,-1.09330453823084,1.30598130991201,0.801878752954977,-1.11637589687399,1.09068842958979,0.200906829250116
"KIF18B",-1.09012651731329,0.848294957176358,-0.664848193034936,-1.09012651731329,0.594830355460647,-0.293143057567686,-1.09012651731329,1.54042474693267,0.741529684811967,-1.07631838772184,1.29213435758976,0.287475088292918
"MKI67",-1.02786861129623,1.22971035759816,-0.759026065129791,-1.02228025131301,0.947002727057894,-0.48128076086314,-1.01665403762589,1.6025065917608,0.647221697014635,-1.00704450483358,0.799532764311175,0.0881800933189753
"AURKB",-0.973734259821313,0.97803174673683,-0.80418724492199,-0.973734259821313,0.32973602781079,-0.466429716559375,-0.95169299963011,1.71376962417985,0.420935391354243,-0.950996507921919,1.48779639700233,0.190505801591972
"ANLN",-0.999069591482228,0.416078689456088,-0.670601762263378,-0.986634614304349,0.325591990526662,-0.597522704057024,-0.953914399971761,1.78781641964629,1.33342734960279,-0.96413303842351,1.02328213424349,0.285679527026935
"E2F8",-1.01781007913086,0.396440244459145,-0.641876827584743,-1.01781007913086,0.155910340769801,-0.576707262685317,-0.985922193096445,1.5646621812685,1.1730106919272,-1.00794142141859,1.34846502960259,0.609579375019591
"SPC25",-1.02925836149403,0.631446675489919,-0.336072029187932,-1.02094112506474,0.141343055229892,-0.565829780541046,-1.02925836149403,1.83498524873799,0.988124872835598,-1.02925836149403,1.24748638748506,0.167231779497356
"BIRC5",-0.975021036704265,1.20860492128952,-0.662206558589324,-0.975021036704265,0.126644755555641,-0.440026632526004,-0.941616694535006,1.84759247687359,0.162093620467883,-0.952047769355718,1.28796795276619,0.313036001461756
"DEPDC1",-1.00871099589773,0.361268450542807,-0.770766368924699,-0.988222226815324,0.203088506756044,-0.489795124236815,-0.994760815111879,1.5364198592918,1.36251886137524,-0.974172598701702,1.26252296810806,0.500609483614185
"RRM2",-0.965091880851002,0.57820010107686,-0.655282312602379,-0.959772154095968,-0.00332822224926846,-0.546159900693804,-0.937926577630895,1.92790656025716,0.593434857978011,-0.932584375079663,1.43033683416528,0.470267069725664
"KIF4A",-1.0493676898969,0.885492807809364,-0.783183874100775,-1.03063469571575,0.649746945158744,-0.456308148030773,-0.967737437323325,1.76764072932357,0.799298520488084,-0.992526126405468,1.05266178228241,0.124917186410817
"HIST1H3G",-0.961060865812597,0.937827801583878,-0.68876675425345,-0.938531827545414,0.0722551261546336,-0.580850778812571,-0.915042851431967,1.99310860111589,0.0946123217016377,-0.917240411956956,1.06783417548892,0.835855463768002
"CENPA",-1.09543511679447,1.33439574804636,-0.610990738556961,-1.02452098222075,1.19075181414242,-0.529685266750632,-1.03749517944069,1.28852112382917,0.457528230133389,-1.09543511679447,0.808321722834028,0.314043761572602
"DLGAP5",-1.09246535160626,1.11750408553368,-0.708269141817587,-1.07666772062594,0.825632317141293,-0.528318506157662,-1.01071878424019,1.32458233979329,0.856271881416562,-1.01790013083542,1.17100201398357,0.139346997414659
"GTSE1",-1.092631796639,1.14057786563592,-0.620673918875859,-1.07633785075027,0.56296951607601,-0.486000669289681,-0.9950041299136,1.70228938676335,0.425001527602676,-1.02671079110876,1.0576381739897,0.408882686509508
"PBK",-1.10935482574886,0.759719868273285,-0.597773948912314,-1.10935482574886,0.64728181235334,-0.398115858079403,-1.041370954175,1.5002439150329,0.741647768556038,-1.02519627628678,1.43187751623391,0.200395808501742
"KIF2C",-1.08737739592919,1.16939687767395,-0.59878390338619,-1.06242803828395,0.375458572408082,-0.501125282726434,-0.996778675367158,1.60839463801774,0.480269813591043,-0.993915805590348,1.29367665792613,0.313212541666332
"TYMS",-1.08109737351033,1.26476820356505,-0.653867691511083,-1.06833433074056,0.590480174155559,-0.4477341042884,-1.03764753196552,1.55082956601012,0.360630001623814,-0.978901315050906,1.20715236638212,0.293722035330136
"CDK1",-1.07152857159968,0.912107127598958,-0.753658059785951,-1.05618879657257,0.500037978747904,-0.448296829279987,-0.984492012700126,1.66830979505179,0.519527159964924,-0.985333179927114,1.32298888351801,0.376526504983838
"SPC24",-1.0115030541746,0.757209405699096,-0.802367136405904,-0.954102143139657,0.469233239916914,-0.417874605202675,-0.907282954146231,1.70259322188794,0.526640378881471,-1.0115030541746,1.55679962249606,0.0921570783621882
"MND1",-0.953794916145692,0.269643002508519,-0.460630298285801,-0.913689013786249,0.799107226636932,-0.344341340933895,-0.953794916145692,1.61118819719166,1.74221411227589,-0.886187458614963,0.709616405636044,-0.619331000336754
"CDC25C",-1.09806165839984,0.755751983870209,-0.715145123528384,-1.09806165839984,1.03714292987907,-0.340927532442982,-1.07261881083761,1.53694559184457,1.07725431918644,-0.972076886103024,0.832221363639294,0.0575754812921247
"KCNN3",-0.8449924142526,-0.339613126050834,-0.340003630282425,-0.837292260694946,-0.0314074995659512,-0.303810268812669,-0.813535609665842,0.335661491014778,0.745226687513049,-0.780090769606447,0.563128018505977,2.64672938189791
"MMP9",-0.399576424018506,-0.0737418429212083,3.14658832699043,-0.397998144495804,-0.355276310034793,0.0201383990151602,-0.394203410982988,-0.312872183194282,-0.274886865008304,-0.39824615266784,-0.328165633018141,-0.231759759663727
"UBE2C",-1.02015613397238,0.706602247273893,-0.703768962647666,-0.996999375990847,0.174565391470785,-0.636495487761256,-0.883511110986225,1.84373629243072,0.745116374221847,-0.935578375604836,1.33728141528836,0.369207726277604
"TUBB1",-0.349909037858584,-0.442501455422987,-0.446412465838345,2.59379846445266,-0.409885315439948,-0.418596766540146,-0.364029872455131,-0.445438633444547,-0.43894204988598,1.5857849336881,-0.43114451738017,-0.432723283874921
"NEIL3",-0.969813980986313,0.0433206641047614,-0.622680849342755,-0.969813980986313,0.276685932643362,-0.525054731093056,-0.847703975693349,1.02763297833792,2.19952562774922,-0.91942653524683,0.833430825644078,0.473898024869272
"QPRT",-1.09600286285485,2.14259844413791,0.905882174521723,-0.959250511882263,0.509878670776273,0.870773502402005,-1.09600286285485,0.153430157217754,0.0683283185877592,-1.03013810966968,-0.0794861499504551,-0.39001077043133
"TIE1",-1.00050132811847,-0.186269988957363,-0.191282774205729,-1.00050132811847,-0.233221920361243,0.0668421231851869,-1.00050132811847,1.24087218955276,1.96740739294932,-1.00050132811847,1.19832038031141,0.139337909999543
"COL6A1",-0.697108641098882,0.497338427636751,2.44312757890417,-0.677286206672947,0.726225591953413,1.13035307463985,-0.692888814680969,-0.467683160729892,-0.415450135179197,-0.681775908530993,-0.680721011665932,-0.484130794575372
"FBXO43",-1.01716068504301,0.0922994724261243,0.450036331932671,-1.01716068504301,0.0466652584417812,0.0827367620967925,-0.974151385157481,0.381279143869738,2.44117234135093,-0.96391864089415,0.792973095047723,-0.31477100902811
"CA12",-1.05507087258522,0.597700035446683,-0.558223155666155,-1.05507087258522,0.0750028433324312,0.0961887922130976,-0.993171511503876,1.33028835663361,0.267999086794257,-0.978444456339182,2.0642659100657,0.208535844193876
"LRRC37A8P",-0.977997822721157,0.65906858508689,-0.903927731364388,-0.977997822721157,0.217606131390854,-0.154174451722047,-0.977997822721157,1.68907354558299,1.72705396243331,-0.886610052047585,0.207575560863268,0.378327917940187
"RDM1",-0.95080229906872,0.739419396647507,-0.222164202177575,-0.95080229906872,-0.217628647370756,-0.61313277876263,-0.95080229906872,1.98517165840453,0.949910688380401,-0.95080229906872,1.23235482643936,-0.0507217452859618
"PRKCDBP",-0.59966725070588,2.9578494930311,0.16651218063909,-0.59966725070588,-0.295444858962147,-0.223713814321818,-0.59966725070588,0.509267340346278,0.131862094792181,-0.59966725070588,-0.500165866757134,-0.347497565944036
"OGDHL",-0.896036631265673,1.93609139772732,0.000953170667404104,-0.896036631265673,0.858966999623676,1.55190383675985,-0.896036631265673,-0.417543740610502,-0.592719839804657,-0.896036631265673,0.534193444918285,-0.287698744218687
"SLC2A12",-0.742380332731923,-0.517172723276166,-0.70397315707513,-0.742380332731923,-0.539487526171069,-0.528793928688405,-0.742380332731923,0.894101645020103,2.02393015293135,-0.694993511724285,1.10186709682863,1.19166295035074
"CLEC1B",2.20790950971528,-0.594205846067626,-0.594205846067626,1.33759812003563,-0.471898205314625,-0.594205846067626,-0.317299179359045,-0.594205846067626,-0.594205846067626,1.29112880417974,-0.517533610938491,-0.558876207980364
"BHLHA15",-0.608772285647424,-0.447079551107935,-0.321989448965807,-0.608772285647424,-0.345754600742977,-0.309741666137107,-0.608772285647424,0.337805595841352,0.154909911448967,-0.608772285647424,0.420082484285071,2.94685641796813
"CSPG4",-1.04457548583289,1.90385929387047,0.656051458766193,-0.888986818915444,0.967436486253819,0.580909637777601,-1.04457548583289,-0.0558828993318664,1.00409861211874,-1.04457548583289,-0.340599440053239,-0.693159872987617
"KCTD19",-0.825316684428997,0.901001029439886,-0.303411075641707,-0.825316684428997,2.11044181553854,0.545248252346025,-0.825316684428997,-0.198901226377981,1.38071083062351,-0.825316684428997,-0.441239717560458,-0.692583170651831
"C2orf48",-1.22364670613371,0.366821270318882,-0.216182678678446,-1.22364670613371,1.43740816895117,0.177007046372246,-1.22364670613371,1.19476393978644,0.820394969668462,-1.22364670613371,0.629867230961595,0.484506877154486
"SH3BGRL2",-0.480625847927609,-0.477341324395949,-0.422370603606356,2.42939817891069,-0.435746544393763,-0.460378120877787,-0.313699177143804,-0.441295475673912,-0.406754632689625,1.81040229652407,-0.42837709178949,-0.373211656936465
"RIBC2",-1.12346216752904,0.705666410609675,-0.474623264794145,-1.12346216752904,1.20921556014793,0.455152635046332,-1.12346216752904,1.40752966844269,1.18028666456396,-1.12346216752904,0.309004203130116,-0.298383207030419
"APOD",-0.853411512143863,0.298894678302106,1.88708895550102,-0.853411512143863,-0.471715455607558,1.88035598741697,-0.853411512143863,-0.212281346319501,0.513077265258727,-0.853411512143863,-0.597042558170455,0.115268522194137
"GAL3ST4",-1.02554474069131,0.238931478007403,2.16451834202493,-1.02554474069131,-0.0893179941551023,1.43838322639083,-1.02554474069131,-0.0973356436759213,0.0531739880194116,-0.906274928815544,0.415032860981544,-0.140477106703627
"SPP1",-0.670378020194754,-0.481256069644566,2.55153533169209,-0.654226258740903,-0.637995340956686,-0.363573155296248,-0.670378020194754,-0.153883028902964,1.14294937262525,-0.670378020194754,-0.158816518309539,0.766399728117829
"LOC100507600",-0.829635981806911,1.22055228471652,-0.829635981806911,-0.829635981806911,2.21945316805165,0.97587279382691,-0.829635981806911,-0.0502746234978153,-0.170919440188537,-0.629348604991373,0.335131642371379,-0.581923293061083
"ITGAD",-0.531112557137907,-0.219045413778428,-0.0122145864978965,-0.531112557137907,1.46892758437363,2.62706778209466,-0.531112557137907,-0.51035237212313,-0.355647387733558,-0.488431426445608,-0.473833015975067,-0.443133492500875
"KIR3DX1",-0.750567123432013,-0.48254736109497,-0.750567123432013,-0.750567123432013,-0.183800045869188,-0.612881222178017,-0.750567123432013,1.2107267741624,1.81131187616573,-0.750567123432013,1.62717663429027,0.382848961683842
"ETV4",-1.01608975594093,0.604579990207427,-0.417242673582036,-1.01608975594093,1.62017467387805,-0.461047663303716,-1.01608975594093,1.67927600859368,-0.104840053408645,-1.01608975594093,0.636532148800515,0.506926592578446
"MS4A4A",-0.87803516420495,2.28948493195396,-0.87803516420495,-0.87803516420495,0.94513960984212,-0.377356976118039,-0.87803516420495,-0.0675796058966642,0.491959580370242,-0.87803516420495,0.612719774627247,0.495808506245886
"TCN2",-0.618918420784728,-0.210771226350727,3.00058899050343,-0.618918420784728,-0.125725806739612,-0.289434583996423,-0.618918420784728,-0.308611160677799,0.364600920263561,-0.618918420784728,-0.190833182965992,0.23585973310247
