replicate,logFC,AveExpr,t,P.Value,adj.P.Val,B
83937,-0.5159783884460678,5.209928804629697,-3.1377029272498542,0.0022649854968328506,0.9997782268743401,-2.428424937841411
23654,-0.5218906646685939,6.900480719672999,-3.174042606727856,0.0020236232452332703,0.9997782268743401,-2.4535938452989767
374882,-0.34864170961557495,3.9940701087109303,-3.1910950192838454,0.0019188285725290505,0.9997782268743401,-2.514402267803614
912,-0.3903660608180841,5.098904225250862,-3.038298192623295,0.0030688625357411605,0.9997782268743401,-2.5814619770708473
5292,0.3341325060269478,7.1603602527316506,3.025422574588781,0.003190459003737619,0.9997782268743401,-2.6983677170832636
64759,-0.47513127440902636,4.815371503142566,-2.9694686548194085,0.0037724610508778553,0.9997782268743401,-2.703661556709533
6659,-0.44067453487825636,4.062204373915528,-2.9461157182242985,0.004043182662044289,0.9997782268743401,-2.832785370267519
1742,-0.4670862377393359,3.10629618816661,-3.125832685203442,0.002349459194223291,0.9997782268743401,-2.834338753594979
54504,-0.5228158823490379,6.897949030987803,-2.8730219784753404,0.005010511596405399,0.9997782268743401,-2.8873738261546262
8685,-0.859877268941486,2.65113990539021,-3.212956651962974,0.0017918780966083756,0.9997782268743401,-2.9018739054245275
10903,-0.5242863093817949,4.45595168326068,-2.8463366654088027,0.005413700838965981,0.9997782268743401,-2.9176468826183406
945,-0.3568061083357277,5.316755961527906,-2.7918410125149107,0.006330945046600665,0.9997782268743401,-2.9317363687472544
144402,-0.39352421858831255,4.157002745068547,-2.8585615079859905,0.005225438084188971,0.9997782268743401,-2.9393022610222532
1500,-0.3416407675791877,4.185700941785104,-2.8493105328437136,0.005367339232624209,0.9997782268743401,-2.9399221649338436
4668,-0.3484679458905946,5.9725554576244795,-2.7827433307318192,0.006497237984770557,0.9997782268743401,-2.9523669970551185
948,-0.47254133406780063,8.115699743334941,-2.8894468583989172,0.004776253963767958,0.9997782268743401,-2.9593957012198864
100528016,-0.30360649627825786,4.342992903601297,-2.805019854346707,0.006096948131491846,0.9997782268743401,-2.9781335158713107
57698,-0.4977039887852177,4.824353354900315,-2.754305919853548,0.007043094327985643,0.9997782268743401,-3.0077988018644852
942,-0.4271761175322517,5.654477998779261,-2.7319285217530846,0.007501686473660223,0.9997782268743401,-3.0152617338534378
10491,-0.31478436636398754,6.0715848972926745,-2.7384378931376245,0.007365557645912306,0.9997782268743401,-3.021511859317661
64231,-0.4127060363204711,7.739548610181902,-2.8018183620133525,0.006153053090535152,0.9997782268743401,-3.039874839145927
91050,-0.4123806594497288,3.399257694158083,-2.8872243435958214,0.004807352257681994,0.9997782268743401,-3.043475905027805
56606,-0.4206711421429925,3.452014641266862,-2.855311358175476,0.0052748952625202555,0.9997782268743401,-3.074484458968132
3913,-0.6885893943431047,1.4093083493475254,-3.3844839627882424,0.001036078420214154,0.9997782268743401,-3.094534131819999
55160,-0.5078106481346887,3.9566643459104096,-2.749095471663571,0.007147530707280577,0.9997782268743401,-3.103597389528711
8776,0.21555616336486239,5.724054557654818,2.6641599480863243,0.009061237413396367,0.9997782268743401,-3.1074275986860784
5452,-0.32819868584189305,6.8781746029831,-2.703117794589866,0.008132134387227902,0.9997782268743401,-3.109607665496867
105371512,-0.6319567206973682,2.410095474688569,-3.0432884918334557,0.003022899691608519,0.9997782268743401,-3.1231731054218725
80854,-0.34816291547087186,5.2691604507452094,-2.6326010685351555,0.009883343241234833,0.9997782268743401,-3.1493077737754076
643680,-0.5545685721054543,3.61087254596675,-2.771551937945323,0.006707271567882023,0.9997782268743401,-3.1508435450854533
3176,-0.45981215744056136,4.425064157094312,-2.6598298347025064,0.009170240118877909,0.9997782268743401,-3.1627404313178937
160335,-0.43026909948984704,3.722850482605457,-2.7476007325361373,0.007177750292693192,0.9997782268743401,-3.1714667556017258
5331,-0.29982750816982007,3.5888751944798867,-2.746392797251407,0.00720225653378725,0.9997782268743401,-3.1824238423604934
4035,-0.49370019954888633,7.762463491785867,-2.6928798506736706,0.008367519213892336,0.9997782268743401,-3.1837540689373354
55144,-0.18159709441809646,5.562009705155678,-2.6042944572013087,0.010677529420247758,0.9997782268743401,-3.1850106183293327
7325,-0.32200779767276577,3.2498686813387674,-2.7970007065457203,0.00623837111236728,0.9997782268743401,-3.187951266803356
220979,-0.41187009965294585,2.463212874140866,-2.96741169611032,0.0037956169332715593,0.9997782268743401,-3.1901112088088954
2330,-0.2783521056006584,3.74592346996541,-2.7059400143655292,0.008068314587392544,0.9997782268743401,-3.1981026842140228
1808,-0.4059408967491356,6.513561697246987,-2.610993635754865,0.01048453463838419,0.9997782268743401,-3.2105450754964813
5027,-0.43871885571804636,5.2617286907042775,-2.583231676558983,0.011305401522290303,0.9997782268743401,-3.2166054667882946
219972,-0.3328540690434423,9.697276671481154,-2.7790739188224722,0.006565431896251613,0.9997782268743401,-3.2307309417586234
8942,-0.41742694416507486,5.0984901946037935,-2.574901673365337,0.011562769201167129,0.9997782268743401,-3.2322312200351133
285505,-0.5081829731731817,3.916916409354261,-2.643651618709984,0.009588094595246992,0.9997782268743401,-3.2544310401744863
23129,-0.4056647500655677,5.467558586692102,-2.545964639846422,0.012498361229048327,0.9997782268743401,-3.2629286950684344
9315,-0.356455191409474,3.432562236122337,-2.703411294273354,0.008125476062272992,0.9997782268743401,-3.267183728974639
6038,-0.5764126925661635,2.32048004784092,-2.9311826756697656,0.004225568260280401,0.9997782268743401,-3.2713324615473858
51816,-0.3704728696355062,8.210198021479444,-2.6434289079252657,0.009593965247156968,0.9997782268743401,-3.271671026817219
54453,-0.4370337283412251,4.3004481271984005,-2.5730693685373325,0.01162008470541696,0.9997782268743401,-3.2881246863627442
216,-0.467745655641413,4.699636343714382,-2.543515420904509,0.012580593132052814,0.9997782268743401,-3.2929006920417994
57617,-0.2551564682320313,4.672961843406474,-2.5433293981515224,0.012586858634701556,0.9997782268743401,-3.295353210037306
23361,-0.2706610934877429,2.216935848959944,-2.919554656173443,0.0043728041010335375,0.9997782268743401,-3.300864970707905
3065,0.11345840823509779,6.106707058924905,2.522250398716384,0.013315264747779767,0.9997782268743401,-3.3054347588095325
131544,-0.3412411140783105,4.6200379167703405,-2.524193787754584,0.0132465590778965,0.9997782268743401,-3.3172898798837
196463,-0.359602290991325,4.661548077660924,-2.516111739318683,0.013534394459417638,0.9997782268743401,-3.3246435265267262
374879,0.25234377751908,3.790529790941821,2.5879865773933455,0.011160818963915672,0.9997782268743401,-3.3294097300527588
8905,-0.29614307180747623,7.332485344566924,-2.547859798529086,0.01243506387237163,0.9997782268743401,-3.332244142925572
55016,-0.35910808050819476,7.011517161866542,-2.530582829024254,0.013022921965776181,0.9997782268743401,-3.3352417650225563
944,-0.2646825277014502,5.431201956360526,-2.479416933067144,0.014913074932244983,0.9997782268743401,-3.348007880268408
284417,-0.5470547475986889,2.936925370700371,-2.727705659166234,0.007591219522239926,0.9997782268743401,-3.353915090792831
387712,-0.5057772527470683,2.6606781418647265,-2.754090821962963,0.00704737798289903,0.9997782268743401,-3.3747793076069685
221472,-0.382843643841305,6.389447456062911,-2.4676566214568973,0.01538080392367702,0.9997782268743401,-3.3836475642663717
55785,-0.43000912336775876,3.879601577713942,-2.530250909620911,0.013034456157686645,0.9997782268743401,-3.3839385317341835
7045,-0.379664226695243,6.7803704648502015,-2.483671474726836,0.014747025284208234,0.9997782268743401,-3.385567885209788
23158,-0.3455657965208099,5.153859207942198,-2.438498137807504,0.016597534290130736,0.9997782268743401,-3.4022936933585264
23191,-0.306200310199074,5.6944249730283625,-2.433830927770995,0.016800065993490945,0.9997782268743401,-3.4071186456632803
51313,-0.5039791240255713,6.793534730607721,-2.4603080602683125,0.015679686528856176,0.9997782268743401,-3.4107205981217508
1462,-0.5479301514290018,10.606557150351174,-2.677002495023349,0.00874482512997592,0.9997782268743401,-3.411913659943198
25946,-0.4134626796227838,5.481775845282992,-2.429246334704193,0.017001155100984825,0.9997782268743401,-3.412054791733026
91607,-0.2707257523665083,5.763422249348654,-2.421513106658821,0.017345214517574224,0.9997782268743401,-3.423107768661926
157,-0.27550354729949955,6.795994754742203,-2.4437370925732065,0.01637278881958472,0.9997782268743401,-3.43130469115732
2768,-0.19186317296457833,4.325762297655616,-2.4504866555625733,0.01608724500505474,0.9997782268743401,-3.4317812053150023
3309,0.20266177718782608,7.446440716518435,2.4712544161025893,0.015236339292909745,0.9997782268743401,-3.433326119632171
388403,-0.19251796015838085,5.820840899858795,-2.4134717511151926,0.017709547540414653,0.9997782268743401,-3.4353248933330462
92017,-0.15273330910565175,5.287765601934699,-2.4093106757770757,0.01790073684229759,0.9997782268743401,-3.436893611341837
407977,-0.29815379351434856,5.216914265942808,-2.4063510145390334,0.01803784028068964,0.9997782268743401,-3.4427930163241522
342510,-0.47592185308050716,7.045038486937048,-2.4351919976499143,0.01674077649102226,0.9997782268743401,-3.454211092887003
83742,-0.4532270449940201,3.194581012049077,-2.545417739341964,0.012516681237009535,0.9997782268743401,-3.4586530709493744
162,-0.19860071083792707,5.8081653442989705,-2.3874135787461808,0.018937420192366532,0.9997782268743401,-3.4663544936013353
84879,-0.4844979598284693,1.51584479340642,-2.9711693851298175,0.0037534139116092045,0.9997782268743401,-3.467655291119398
140710,-0.30907839454711095,4.151819025200395,-2.430112308852362,0.016963008250623513,0.9997782268743401,-3.4697401544135884
53373,-0.32092398141409983,5.069772382849211,-2.380582291728186,0.019271576048342818,0.9997782268743401,-3.4755108530299887
57182,-0.30493110922153743,4.7272193495367985,-2.389456954239363,0.01883847235710881,0.9997782268743401,-3.4781457301231566
4286,-0.40847664954374663,2.5792980573186806,-2.6527259943282018,0.00935164360301306,0.9997782268743401,-3.483373704985718
653653,-0.3313035302272196,2.4129915046221515,-2.679432675373484,0.008686091450949104,0.9997782268743401,-3.4851814565757935
162073,-0.38941208440082686,4.7607008197445255,-2.3793142400865936,0.019334176237689894,0.9997782268743401,-3.4916525588636715
1184,-0.31520603891351273,3.782412070015507,-2.450780309900403,0.016074923354649884,0.9997782268743401,-3.4954199322832284
55314,-0.5288122395176167,3.0583798222622556,-2.556493965216442,0.012150321567875273,0.9997782268743401,-3.5054316026925862
730102,-0.4066990897376175,2.104162532049395,-2.7343024717291375,0.007451777392189435,0.9997782268743401,-3.511524680582886
8741,-0.31526188347787176,5.442018663374949,-2.3467424110536834,0.021005233038542986,0.9997782268743401,-3.5136178041407033
6252,-0.3887349328517047,4.37072308598073,-2.3771230360475393,0.019442775408172047,0.9997782268743401,-3.51376265428455
57486,-0.3597141950344729,3.929373906408488,-2.4101610754085523,0.017861514783989646,0.9997782268743401,-3.5175792433810393
10844,-0.13624914558108792,5.508473646758605,-2.3415365358859495,0.02128384702386751,0.9997782268743401,-3.5194251338566973
6453,-0.38449942084576394,3.324935650941226,-2.47920671099044,0.014921322859471899,0.9997782268743401,-3.525803634222237
64855,-0.39767309555297103,4.438176237429131,-2.366304322188778,0.019986938996992575,0.9997782268743401,-3.526114965327748
2519,-0.25588430367226156,4.279912034524515,-2.375125737752145,0.019542235576870785,0.9997782268743401,-3.527654737036699
2317,0.35261622353168764,4.557475724373285,2.3547044333697635,0.02058535517529467,0.9997782268743401,-3.5292572771044046
6671,0.33348146099760356,4.866439593445604,2.3405090713103247,0.0213392207696304,0.9997782268743401,-3.531227888498221
3663,-0.3349021999164945,5.588616910856378,-2.331271622983108,0.0218428106715239,0.9997782268743401,-3.5324902723012155
79789,-0.2570833811002933,5.766647608368564,-2.3336559811278828,0.021711828871680213,0.9997782268743401,-3.5326013949085002
4677,-0.16734092152709934,6.217842952966881,-2.3395901423557173,0.02138885305969307,0.9997782268743401,-3.5348278993547577
4189,0.26000232500835496,3.8668065988183957,2.3961216554878035,0.01851892726279246,0.9997782268743401,-3.5383443502609575
284837,-0.4697293096782582,3.6794958662901016,-2.4027075788829446,0.01820790126203483,0.9997782268743401,-3.556803770251379
820,-1.2269044571204692,5.014574191403927,-2.3300910389706013,0.021909207566632536,0.9997782268743401,-3.5637229791552585
79991,0.28346165051226446,4.944487881408465,2.3095086032974983,0.023070979879456086,0.9997782268743401,-3.5655823542016565
92597,-0.24523326666017287,5.709918636653778,-2.3038795711229683,0.023398401423386703,0.9997782268743401,-3.566405036623836
643749,0.19655555525981594,2.578030569847964,2.542629512259907,0.012610456902617655,0.9997782268743401,-3.573426034342768
463,-0.3505530396107934,4.749557146114561,-2.3029703653995326,0.02345166937465184,0.9997782268743401,-3.580907787943993
10321,-1.5240917232947377,4.933834335365083,-2.331554425098201,0.02182852162699788,0.9997782268743401,-3.584179214033262
9777,-0.1915548282247448,6.439578853402874,-2.2956747269027082,0.023882986146621557,0.9997782268743401,-3.5922794562284968
9056,-0.3199034726394725,6.9373165184135495,-2.312398634512184,0.022904452056685783,0.9997782268743401,-3.595136977603835
220323,-0.4675481444766394,2.871343152839058,-2.483171251335031,0.014766462168536169,0.9997782268743401,-3.595303997597357
3748,-0.5158494842382098,2.070116734907585,-2.634126097168948,0.00984211396954605,0.9997782268743401,-3.5998052535765988
54059,-0.363942295843922,2.793602239875445,-2.5032932693013,0.014002435964695357,0.9997782268743401,-3.6003442876948775
51309,-0.4150499500283989,0.21955507772415195,-3.2107128524529287,0.0018045373220871102,0.9997782268743401,-3.605412418622805
57217,-0.2608016595988403,5.856942856778953,-2.272849890109356,0.025277846315269258,0.9997782268743401,-3.6060146775776225
79714,0.23748202107451843,1.0218016749187797,2.925359006073044,0.004298727942640591,0.9997782268743401,-3.6065310759138525
64170,-0.36456567328574385,3.329891914951936,-2.400567938704876,0.0183084343526381,0.9997782268743401,-3.607545740269482
93343,-0.24951842665265866,2.9926059764718307,-2.4541401362386517,0.015934544615629046,0.9997782268743401,-3.6109546391908767
196527,-0.28082451291934696,6.908236110596291,-2.292443751986391,0.02407622327856159,0.9997782268743401,-3.611664264059771
54956,-0.35265293819341537,3.4223635002907513,-2.3794506331773677,0.01932743423750876,0.9997782268743401,-3.61410779828439
3652,0.20661659526661458,3.0019086673868,2.432802054430662,0.016845008885204724,0.9997782268743401,-3.616207819755867
3988,-0.3788002331931155,6.772047215801389,-2.283882546033855,0.024594922505853312,0.9997782268743401,-3.617518323591942
23166,-0.467411085191876,6.686855760796948,-2.2815453378069193,0.02473822540443687,0.9997782268743401,-3.6188871021297397
729230,-0.4399491121593577,7.016965417367788,-2.293132473467619,0.024034917345960086,0.9997782268743401,-3.619489093719804
9610,-0.49834062904127197,1.8353524179560827,-2.684542655245394,0.008563757766682976,0.9997782268743401,-3.624097591936926
164684,-0.2992443268765137,3.6108935899103787,-2.349063953196055,0.02088203027418975,0.9997782268743401,-3.6256451598425787
121456,-0.4772766477957031,3.190298157053286,-2.4066523493080214,0.01802383864960261,0.9997782268743401,-3.62942980297259
1066,-0.7971152810579798,4.444153535465188,-2.2852259741789274,0.02451288300765815,0.9997782268743401,-3.632398526437795
1471,-0.3158083457927017,6.7237299176827365,-2.269632911546004,0.025480092025042457,0.9997782268743401,-3.6334440883190053
166929,-0.4393708047406708,5.144099801339851,-2.249189105542273,0.026798901543897108,0.9997782268743401,-3.634085305604448
4125,-0.22623217388685024,6.897072491606173,-2.272997766659067,0.02526858360098113,0.9997782268743401,-3.6354041337331235
217,-0.386501401435031,5.978726842570204,-2.249993341151081,0.026745910929889736,0.9997782268743401,-3.635434165708939
9454,-0.5107162051991812,3.0445495904107087,-2.428333435592209,0.017041451805892095,0.9997782268743401,-3.6398007283261147
90427,-0.27403665047054737,5.055585485401842,-2.2419192567997905,0.027282100899600377,0.9997782268743401,-3.6422650832250194
283,-0.6200695175836259,0.5208927070521424,-3.0600722616389007,0.0028729524716599665,0.9997782268743401,-3.645465300908059
53826,-0.4964928728416469,2.723735335133487,-2.4637672777524133,0.015538351759830775,0.9997782268743401,-3.647355239636459
6051,-0.24595555210587694,6.035412978118235,-2.23808892273492,0.027539747336705722,0.9997782268743401,-3.6501131053806146
9021,0.5901092469277476,5.655716980659111,2.234493340381911,0.02778354056326564,0.9997782268743401,-3.6510197328074407
283383,-0.5345083659628138,1.8566891200828426,-2.6243815600971434,0.010108261560152342,0.9997782268743401,-3.651377234872335
1903,-0.39547931846024964,3.968537893567042,-2.2807565058928865,0.024786757155351745,0.9997782268743401,-3.657269300390335
4258,-0.2958733228603605,3.6175647765300787,-2.31675522674508,0.02265542322303396,0.9997782268743401,-3.657993256341708
11006,-0.44084016936409665,4.527566856279823,-2.246800309216962,0.026956841279974258,0.9997782268743401,-3.6601264633640382
4811,-0.5153750245692024,4.470091922997983,-2.247364858019839,0.02691944160415559,0.9997782268743401,-3.661215182831368
440823,0.6055594749939655,5.125681059045024,2.223213503093474,0.02856066113000527,0.9997782268743401,-3.664399889907303
83938,-0.491654127831213,1.413161883888822,-2.7581728511246233,0.006966488759968738,0.9997782268743401,-3.6647039922393914
7461,-0.2943377897677406,3.517959082605856,-2.325262845425415,0.022175998041252875,0.9997782268743401,-3.666820312141084
6385,-0.5197828062258718,1.58298750516376,-2.722766533079223,0.007697172713014746,0.9997782268743401,-3.6668211211894546
929,-0.346912481290115,7.849236337154007,-2.272457685733493,0.025302427732326355,0.9997782268743401,-3.6733180503028193
80727,-0.30629922532725384,5.6191657992661845,-2.207492513959661,0.0296754453189686,0.9997782268743401,-3.6790765869378728
90639,-0.12279116356767172,4.241214471482329,-2.2395299722897106,0.027442566422026065,0.9997782268743401,-3.681992327527869
27141,-0.19765227984615308,4.675769419553793,-2.2193840488484744,0.028828780357584436,0.9997782268743401,-3.682272360871713
23230,0.2886750526208308,5.588855963976022,2.2037089851307705,0.029949345356586284,0.9997782268743401,-3.68371190836978
58475,-0.43376254424483207,6.5696957060867405,-2.2187793882988,0.028871316275235568,0.9997782268743401,-3.686191861527016
8851,-0.40266943485571627,4.525234352108209,-2.2147231661699522,0.02915807990949101,0.9997782268743401,-3.6904795937477273
84106,-0.3322175937789975,6.2730778405640075,-2.2047025808319525,0.02987720334571481,0.9997782268743401,-3.6920703158879054
100861402,-0.2011222483306776,3.5559186653151986,-2.2849603627401627,0.02452908404669992,0.9997782268743401,-3.6964603605640005
8834,-0.26307313276141997,3.790985982904203,-2.2595285282202275,0.02612461372336682,0.9997782268743401,-3.7043858757598174
8682,-0.29832290447480236,5.278799851425086,-2.185489306976549,0.03129944489166999,0.9997782268743401,-3.7046764432412855
718,-0.5935070580038011,1.884582526971127,-2.583199990234644,0.011306370650115687,0.9997782268743401,-3.7052154558931596
84260,-0.2139087318154207,4.676491506920708,-2.2000698871630298,0.030214869593406538,0.9997782268743401,-3.706209900047205
105378281,-0.4904751461551937,2.410223212457641,-2.441983790408057,0.016447699401790777,0.9997782268743401,-3.707288370812903
64420,-0.2567011127322285,5.271954303083196,-2.1768146290918433,0.031960680626122104,0.9997782268743401,-3.7154565653865226
29909,1.081200180203603,2.766751061217098,2.3705238200638963,0.01977311910862931,0.9997782268743401,-3.7156255912660727
124359,-0.3481164165647139,4.129585109583152,-2.2191890266258367,0.0288424935499831,0.9997782268743401,-3.721359138532181
64105,0.746001830359567,1.9601254513156199,2.5281535012114316,0.013107553518888157,0.9997782268743401,-3.7230431391128516
968,-0.3248911079486225,7.6548997007499855,-2.2141182278921527,0.029201060020328937,0.9997782268743401,-3.728505522571458
10945,-0.22586508666537686,5.017785592254417,-2.1675279754288965,0.032682013436886544,0.9997782268743401,-3.7293251008502066
100113407,-0.3723794074789657,7.257242811113813,-2.1987836929132665,0.030309206077442613,0.9997782268743401,-3.729913329660391
29964,-0.40662044074340953,1.1597201031836268,-2.7251616291333485,0.007645626578419595,0.9997782268743401,-3.7344511557665387
23348,0.7695665892262138,3.8081385677516746,2.2181796337994943,0.028913561273633186,0.9997782268743401,-3.738838333960904
399,0.5443396875790865,4.043249180291784,2.201009072243531,0.030146146634689713,0.9997782268743401,-3.7389825817890685
10859,-0.33283815153293794,6.541591102984391,-2.168073225672346,0.03263927355144322,0.9997782268743401,-3.7415093974874694
8233,-0.2168181277478194,6.007766877033114,-2.1572465626221393,0.0334970921601832,0.9997782268743401,-3.7416167008646832
111240474,-0.517765064901856,0.048174336399417345,-3.0949569714548373,0.0025831010296986324,0.9997782268743401,-3.741685471234971
3784,-0.21359834081965,4.717720739571404,-2.1631792183729996,0.03302464024795372,0.9997782268743401,-3.7423508846333853
950,-0.278844130089114,6.052730085806675,-2.1538988416059355,0.03376627414874637,0.9997782268743401,-3.7453403211878604
23498,-0.30108276839684,3.1917260832760057,-2.2821397374978836,0.024701711069999684,0.9997782268743401,-3.746226240698198
375387,-0.2936980032228451,4.7024018222256805,-2.1585134306482363,0.03339571381340083,0.9997782268743401,-3.7472688455999643
23136,-0.39594623981754484,5.00480604903004,-2.151756485030584,0.03393951999129577,0.9997782268743401,-3.7483601923656527
7106,-0.4981727230643318,2.475466452850451,-2.390615414880433,0.01878257962665366,0.9997782268743401,-3.748426716382385
205,-0.5598589446098112,1.333943822186037,-2.6635362461539263,0.009076865196201614,0.9997782268743401,-3.749119732602516
59341,-0.8840951394881287,-0.12659990330571172,-3.1780502614853217,0.0019985255329209644,0.9997782268743401,-3.750582310926253
10871,-0.3261229217405246,4.239035994789055,-2.1789550742511032,0.03179640266530752,0.9997782268743401,-3.7521852332123258
440026,0.16061711503264053,4.953960887793232,2.146271730486085,0.03438657722538777,0.9997782268743401,-3.754917165424888
969,0.6979327317793094,3.439417319395581,2.2379102257556243,0.027551819219545564,0.9997782268743401,-3.7589257566895924
253782,-0.18743359793560188,5.167758858383647,-2.1358043553006296,0.03525396130565179,0.9997782268743401,-3.761939914067967
432,-0.4819825994812361,2.360137528723269,-2.383162036045449,0.019144776337160378,0.9997782268743401,-3.763601227370983
1730,-0.3059869840087952,5.378728895373771,-2.1340356739650224,0.0354023820479409,0.9997782268743401,-3.763601448984237
6504,0.7469708315711387,2.6921812697324867,2.327526924436519,0.022049931076155684,0.9997782268743401,-3.7638906892733663
126075,-0.24524082447091988,4.2457037543953975,-2.1676504974179394,0.03267240521243295,0.9997782268743401,-3.765757358015862
313,-0.2721025443892966,8.423521625519767,-2.2081590496575214,0.02962742031578743,0.9997782268743401,-3.767438451592846
57095,0.12324517275078772,4.157277125279948,2.1619689494299252,0.033120547865984486,0.9997782268743401,-3.769454066228308
9698,-0.0974288452369656,6.570174667303495,-2.1391523267239525,0.03497448928339133,0.9997782268743401,-3.7743620519144088
5005,-0.6897450041881981,3.001237361724044,-2.284625674658907,0.024549511851856505,0.9997782268743401,-3.774664469011629
2896,-0.40525045800428217,8.945111917572051,-2.2180934526802925,0.028919636065437307,0.9997782268743401,-3.7752132901836575
586,-0.6280559234150371,4.091808255537588,-2.1723356270461904,0.03230683426829858,0.9997782268743401,-3.7778436012107837
51133,-0.31492374308609694,2.569367594060276,-2.341678701406671,0.021276195234654353,0.9997782268743401,-3.779044611350863
152002,-0.27304085197053984,2.8278730627020123,-2.294716137951027,0.023940174081381237,0.9997782268743401,-3.780444008860443
401548,-0.2070636421373404,5.860630741627454,-2.1182540272470676,0.036750861225838684,0.9997782268743401,-3.7835110440851727
6768,-0.39640196889315504,3.96260640445505,-2.1639361924370912,0.032964776750715845,0.9997782268743401,-3.788042970036046
9235,0.8383226478226744,5.228359365304086,2.109222963052801,0.03754234800468289,0.9997782268743401,-3.7940849842815156
360,1.5121469422242806,2.043545035384218,2.379125419828781,0.019343513192478023,0.9997782268743401,-3.7989439413849384
3643,-0.2972110654818092,4.296400646734597,-2.125921239197727,0.036090275497907186,0.9997782268743401,-3.8018399572697126
26035,-0.2311468465635591,3.814536048050947,-2.1586350281057545,0.03338599728128192,0.9997782268743401,-3.8029831681733794
93100,-0.36689418243139027,4.493156062769729,-2.1203798890634777,0.036566662753176396,0.9997782268743401,-3.8053002141980072
283209,0.26468232238929135,3.8501490574062394,2.153722807388355,0.03378048047728701,0.9997782268743401,-3.8056780607121397
353376,-0.28610008315455593,3.883310799483825,-2.1564623685170097,0.033559979485283595,0.9997782268743401,-3.806120355388174
219855,-0.35542260255118396,4.665025387658461,-2.106367757422997,0.03779562595925887,0.9997782268743401,-3.8067300219151834
26509,-0.4747432103671203,5.4033778577662614,-2.094748062891836,0.03884166766324656,0.9997782268743401,-3.807416643570922
246329,-0.38168075537079726,3.191347840051222,-2.2282727247964025,0.028209786167464102,0.9997782268743401,-3.810332625307873
5004,-0.7940127762905673,4.122958545637906,-2.1320634559407545,0.03556852115380143,0.9997782268743401,-3.812562072887385
115207,-0.30467100602468555,8.603685699111587,-2.163552188876782,0.03299513295859939,0.9997782268743401,-3.81838667501217
107984344,-0.32786926013407003,1.7807214040078005,-2.4513809920207694,0.016049745152695728,0.9997782268743401,-3.818622666133348
80346,-0.22162772377831352,3.7806438857673186,-2.1490443993159407,0.03415994480321006,0.9997782268743401,-3.8190628380789464
102723728,-0.2104573868551909,4.0351692709550315,-2.1167774650643603,0.036879272132549996,0.9997782268743401,-3.829738417824045
55803,-0.35072869080799407,4.405236611845456,-2.097031082282826,0.03863419286499534,0.9997782268743401,-3.8314698609464783
8772,-0.2868587344965059,4.352722695248186,-2.095403601256297,0.03878199588429902,0.9997782268743401,-3.8326846029561414
1088,-1.4659981241234936,4.659036514882933,-2.1071036090786137,0.037731795903713096,0.9997782268743401,-3.8366096162392593
4973,-1.5864699531988835,2.683833163434102,-2.348866556648609,0.02089248104309727,0.9997782268743401,-3.8388300703803324
1981,-0.11719469897680401,6.862914150106003,-2.085082721835885,0.03973071387104205,0.9997782268743401,-3.840470570931969
79894,-0.1538236906077728,4.212974930305233,-2.0962135023623265,0.038708382172221556,0.9997782268743401,-3.8416224292322587
7227,-0.28189714464394466,5.237198102017726,-2.0620143745633683,0.04192377700569242,0.9997782268743401,-3.843951178260168
81873,0.20895095872056846,3.345860586953439,2.153825023950848,0.03377223075557044,0.9997782268743401,-3.848706366109143
10216,0.21182911469194954,2.6035435058289984,2.2370383134914467,0.02761078781496406,0.9997782268743401,-3.8514491449719097
2048,-0.6953684921714225,1.5999174316924716,-2.457864547951912,0.015780213361124732,0.9997782268743401,-3.8522963547803326
57190,-0.2246224760071156,4.985644805300878,-2.0525348695892225,0.04285470203188492,0.9997782268743401,-3.8561018351913265
123041,-0.3320510641895593,6.182430263209244,-2.0551742491565705,0.04259373800022609,0.9997782268743401,-3.8567876014130857
101927559,0.3014647787596392,3.084973254390427,2.1682579121263994,0.03262480778085716,0.9997782268743401,-3.8585983212018
8986,-0.2557120913983537,4.435235641408412,-2.066998720597877,0.041441305557124344,0.9997782268743401,-3.858744329174928
497259,1.1555788622908225,-1.6466323800214837,3.7446318901919153,3.0888587612925504e-4,0.9997782268743401,-3.862096946443473
146857,0.3063374292746106,4.717214352539635,2.0537784692293903,0.042731572734941145,0.9997782268743401,-3.8643615645264218
6611,-0.19062067473889854,5.239475527904602,-2.0422250479315074,0.0438872639097464,0.9997782268743401,-3.864474046086155
133522,-0.3614450634987727,3.4678710885555915,-2.1270118742489017,0.03599714973850487,0.9997782268743401,-3.8653824467307665
93081,0.3317264046988089,1.4065004114556967,2.4456887642136937,0.016289761024465603,0.9997782268743401,-3.867198034396862
11182,-0.36814272991430874,3.9353194644459246,-2.0865877228572143,0.03959113686763836,0.9997782268743401,-3.8678024027917832
22847,0.2996904611378364,4.173625412476222,2.0650554344777308,0.041628839480609296,0.9997782268743401,-3.867946845494064
100302736,-0.2188864217142772,4.486425420809062,-2.052953089280341,0.04281325997578076,0.9997782268743401,-3.873641986685513
11080,0.2325164196071272,2.140345476629529,2.2941755177829095,0.023972479816410087,0.9997782268743401,-3.874400632896743
4784,-0.3153337773933216,1.6910158692823056,-2.3979413509906964,0.018432521812952678,0.9997782268743401,-3.8755310343363467
22797,-0.36907593753229495,6.153504223076429,-2.03424105514801,0.04470147909165295,0.9997782268743401,-3.87711384749288
161424,-0.13469954359983394,5.283445575544083,-2.0301133930685857,0.0451274739975981,0.9997782268743401,-3.8773370765176556
100303491,-0.33732662214557685,2.461737093639335,-2.236167258994107,0.02766980877265492,0.9997782268743401,-3.8790577577715983
6399,0.1234610079726588,4.71017684984268,2.0353135437635865,0.044591358589426026,0.9997782268743401,-3.8822444235458775
671,-1.182245780074986,5.213531572332833,-2.038911538696639,0.04422529161144649,0.9997782268743401,-3.8827715662812965
84818,-0.4807507099567686,0.7617051370883557,-2.6004842256211607,0.010788723320231074,0.9997782268743401,-3.8870484850445037
101928045,0.24976950279504484,2.042559665612273,2.2822233569255026,0.024696578084442315,0.9997782268743401,-3.8875644029049155
3633,0.15128262209824417,5.057740286439931,2.0224800952669058,0.04592443084378032,0.9997782268743401,-3.8877461389391974
5236,-0.3285336981632989,4.878793581788168,-2.0268108850001814,0.04547080808015179,0.9997782268743401,-3.8881365014516573
10175,-0.1701246096027269,5.1671968516478035,-2.020680538364843,0.046114058625149064,0.9997782268743401,-3.888259688342343
143458,-0.36077837866056406,2.4888425728032706,-2.2150496450187487,0.029134906976737193,0.9997782268743401,-3.888551601154788
154214,-0.35629752600550546,3.660172333701068,-2.090824012727353,0.03920052183874729,0.9997782268743401,-3.88907378896958
105379054,-0.6455913861949514,1.7214534298846038,-2.3653158554003273,0.020037324214224234,0.9997782268743401,-3.892872174527007
1508,-0.316205532217122,8.31744055628838,-2.076732887669875,0.04051282392978772,0.9997782268743401,-3.893376306626722
54531,-0.24364360436791177,2.728145675614837,-2.1871984755939473,0.031170577088537908,0.9997782268743401,-3.893422155826674
9462,-0.42493481806847566,0.6776693686677162,-2.6149043722304035,0.010373333885089885,0.9997782268743401,-3.8940239978835827
29099,-0.20001909139963292,4.423559534695624,-2.0334262180953364,0.04478530025399505,0.9997782268743401,-3.8948611124468266
26469,-0.16724496785164344,7.082363333091546,-2.036609840880624,0.04445856834604978,0.9997782268743401,-3.8959643865478104
81618,0.48791415378891134,3.6053495880137088,2.0767211751240024,0.0405139302635661,0.9997782268743401,-3.8980080467823495
388695,-0.2046845152214556,2.610612629855757,-2.1881760112706687,0.03109708099947764,0.9997782268743401,-3.8988995086993565
29015,-0.2473122684693685,5.046696711611193,-2.012507385268705,0.04698375298955195,0.9997782268743401,-3.899127402856043
219931,-0.2871149672259685,5.307625237935738,-2.006339614083155,0.04764930217233366,0.9997782268743401,-3.903162413156502
5028,-0.497307311098659,2.62861263516548,-2.2040001992631857,0.02992818542984876,0.9997782268743401,-3.9034246653177798
84515,0.3128321139630428,2.8175520042844755,2.162340178452952,0.033091104153688336,0.9997782268743401,-3.9056642102325814
138050,-0.1502308565478252,6.19288958042985,-2.0088644854463293,0.047375882432681704,0.9997782268743401,-3.9060919139447217
28991,-0.1468521290285536,3.7900244805800276,-2.0565350531543545,0.04245972501206406,0.9997782268743401,-3.9072138212679155
25900,-0.2250531633597026,5.302355803023382,-2.0018050760923636,0.048143733245338105,0.9997782268743401,-3.9075023358417047
24145,-0.21851691839713272,4.543179483772373,-2.0170502128374856,0.04649864221978727,0.9997782268743401,-3.908195152007016
9394,-0.22134438510619736,3.1729753126085636,-2.104172741598504,0.0379913427459465,0.9997782268743401,-3.9087555668835803
493,0.2292631740076443,7.623557277220431,2.0410905799442887,0.04400217714923334,0.9997782268743401,-3.909691074256962
1512,-0.29919570893668457,6.0995407273424975,-2.0021426753259233,0.04810677228202281,0.9997782268743401,-3.910894974404246
83871,-0.37185106280754443,2.3942712408743003,-2.2151001832089965,0.029131321298205743,0.9997782268743401,-3.911900899072603
90957,-0.22549860018911083,4.367078077907586,-2.016661623782415,0.04653996996275446,0.9997782268743401,-3.913093712534611
3800,0.8253203381532221,1.3285396270412535,2.383119863860759,0.019146843216185747,0.9997782268743401,-3.916202786908082
284611,-0.19254842154685825,5.402843423231286,-1.9930932087890738,0.049105939305950294,0.9997782268743401,-3.916403959988856
100507582,0.35691419641344513,0.5067577870491689,2.583428138097061,0.011299394408309444,0.9997782268743401,-3.91675820243318
5939,-0.23767832559755764,4.556646395889773,-2.0035834394336516,0.04794930695385333,0.9997782268743401,-3.918863539481368
55704,-0.28620714566096783,6.643980573362761,-2.004005340218243,0.047903279542461416,0.9997782268743401,-3.9204808028604767
93589,-0.23305396087899322,3.2038104447495024,-2.091869498066092,0.03910463388895878,0.9997782268743401,-3.9205939229148807
55848,0.21901771073734233,2.5955636942258953,2.1703199258111385,0.03246367666516809,0.9997782268743401,-3.921291492575596
632,-0.4594052310479815,-0.876436827802079,-3.164420176997057,0.002085087502536174,0.9997782268743401,-3.9229453036153705
220074,-0.17442522204977795,4.005234494203206,-2.025220142528932,0.0456369806115755,0.9997782268743401,-3.923307747837815
1522,-0.27242805749622523,7.6246906680795385,-2.0231240702911846,0.04585673444532292,0.9997782268743401,-3.9236219126609453
11022,0.4638630751911812,1.5858548934538532,2.322446246915404,0.022333718495209244,0.9997782268743401,-3.9246271518783837
55920,-0.1593353689118322,6.045007631941377,-1.9863639971899971,0.0498603432257454,0.9997782268743401,-3.9275684478633304
9754,-0.348451230882886,2.926107777146606,-2.1246561205106795,0.0361985611394827,0.9997782268743401,-3.9286723876385223
101928243,-0.32158992925295815,1.1586648547953022,-2.4393781922509556,0.016559589655888277,0.9997782268743401,-3.929805910865738
9290,0.43426316453029257,1.817155282459729,2.284293453112333,0.02456980391678993,0.9997782268743401,-3.9323777975668284
107986298,-0.47180484358240626,1.4489768464194803,-2.3624752435064496,0.020182746326536476,0.9997782268743401,-3.9336131274247004
23232,-0.3762663531823871,2.5171562507890264,-2.15632297214905,0.03357116890895304,0.9997782268743401,-3.9340608886009623
286223,-0.5381391842189871,0.4238480238114666,-2.609100174644497,0.010538760767529924,0.9997782268743401,-3.935516949527719
2069,-0.8409575840489731,0.8328160205017822,-2.537572398272627,0.012782154773083183,0.9997782268743401,-3.9355679788081748
3123,-0.3096667193603171,7.3223696699981415,-2.003954960127713,0.04790877379211905,0.9997782268743401,-3.9360487007746023
8482,0.4760651908383995,2.946136442207381,2.0860406781021292,0.03964182198455387,0.9997782268743401,-3.9367500541006386
85463,-0.4255038880215878,2.2090503701709507,-2.222522874157731,0.02860885366328908,0.9997782268743401,-3.937036780296531
55853,0.2576655908703014,2.3870732156952346,2.1758786576500984,0.03203274782899741,0.9997782268743401,-3.9387400867230262
1436,-0.3605744699662168,7.1066570684196995,-1.9946426611872745,0.0489336167937847,0.9997782268743401,-3.9418043052721314
109729184,-0.8508744772257368,4.348366965644169,-1.9993463900405786,0.0484136461734868,0.9997782268743401,-3.9435764476985944
548593,-0.20917485764257293,2.8819617685434036,-2.0991275491786463,0.03844451469877584,0.9997782268743401,-3.950320739360663
9425,-0.14557252953656885,4.113314986500279,-1.9936457555262426,0.04904442850976665,0.9997782268743401,-3.9507667311443346
114132,-0.8555694076434676,0.5262368269951269,-2.5753292171110753,0.011549432115928612,0.9997782268743401,-3.9509874194180115
5660,-0.23131670869774723,11.384170816634056,-2.139793799146832,0.034921162235287524,0.9997782268743401,-3.951038708367594
107986431,-0.6985649326687409,1.199582434669636,-2.4088349446164115,0.017922711887589413,0.9997782268743401,-3.951206426556415
81831,-0.29316494407498705,2.4447259832063652,-2.1456346858394273,0.0344388319609643,0.9997782268743401,-3.952087087691633
55959,-0.2417047199311888,7.891159041084136,-2.0018655853715663,0.04813710680007913,0.9997782268743401,-3.9540631554765042
4086,-0.4094175246527467,2.0859119536708977,-2.210309876385016,0.029472912389211382,0.9997782268743401,-3.9607528646141428
112268147,-0.34695401765616074,1.7158185575782952,-2.2626772854200152,0.025922247401285507,0.9997782268743401,-3.961513632069097
107986177,0.6202192915647127,-0.7804852511111936,2.9280401373254206,0.004264902593123186,0.9997782268743401,-3.962318636446968
90,-0.17519702707777585,3.879670594030473,-1.9953221256712685,0.048858212853884427,0.9997782268743401,-3.962861322021116
128977,-0.10560198040083169,3.9211168697831744,-1.987616947449115,0.049719133191342135,0.9997782268743401,-3.963549399119062
55205,-0.29812327888677803,2.9164240130564454,-2.0673982995462215,0.04140283499011834,0.9997782268743401,-3.9676573434935425
84689,-0.44124999787629005,3.585801640314621,-2.005704738728431,0.04771826479980107,0.9997782268743401,-3.9693460228507966
2838,1.4563353731489475,1.127582959394687,2.2973986871493,0.023780440144702625,0.9997782268743401,-3.9731566776727254
6695,-0.5038711741814632,0.5209818054193999,-2.4997566471454338,0.014134097981558255,0.9997782268743401,-3.9795656605158207
90874,-0.42949585373554156,2.5087057555561936,-2.0999119196003315,0.038373755623411235,0.9997782268743401,-3.983826159817483
203859,-0.6002863790252594,0.9913913637520403,-2.3972246060777267,0.01846651247167593,0.9997782268743401,-3.9858323778120077
414918,-0.34983388065656307,2.04646469510219,-2.154580643097061,0.03371130030812858,0.9997782268743401,-3.9947573765386686
79754,-0.22790194276568299,2.6846424292144158,-2.0626569024843406,0.04186131212262805,0.9997782268743401,-3.995003775368729
3681,0.5347623677049647,1.8018696362205737,2.178064041522853,0.03186469936812737,0.9997782268743401,-3.9978460387292696
917,1.3355833603393203,3.113212918394842,1.9943687888115813,0.0489657587504105,0.9997782268743401,-4.001744232609901
9953,0.5473335855484653,2.8207229695906673,2.0362371357076947,0.04449671280662228,0.9997782268743401,-4.00194270666864
27151,-0.48010219604195825,2.2622414172498186,-2.0954161142137977,0.03878085763553176,0.9997782268743401,-4.0072846314916015
2219,-0.3474004826911319,10.151188553210128,-2.0137916678297825,0.04684617291797817,0.9997782268743401,-4.010035047321088
144110,-0.4039946490580096,0.5210083594320435,-2.4389411562672927,0.016578423318798035,0.9997782268743401,-4.013979294625561
728621,-0.1448380506752076,3.025694126724591,-1.9910107980441627,0.04933834942987728,0.9997782268743401,-4.0279327636953255
91647,-0.17205445638717576,2.6894968421371455,-2.0271215587029094,0.04543841493498712,0.9997782268743401,-4.028026183311435
4323,-0.4958237432923852,1.1622258301155668,-2.259253498307162,0.026142355212752044,0.9997782268743401,-4.032477602214724
4983,-0.3140973068768077,1.1686703631483226,-2.270268919126052,0.025439994945498114,0.9997782268743401,-4.0326632656837145
105372217,0.45282643516952886,-0.22816168412364587,2.5642898945657793,0.011898279539362549,0.9997782268743401,-4.0340939096761534
400709,-0.4168518740027527,2.4667708334100604,-2.0450873551078415,0.043598476609619,0.9997782268743401,-4.035571506021502
9853,-0.3607802939821645,2.8600643452320447,-2.000566897092038,0.04827949877845859,0.9997782268743401,-4.035618105457348
57559,0.3752741416057135,2.3282465945878843,2.0508353192124145,0.04302346779516864,0.9997782268743401,-4.0410428238874125
105369612,-1.0540984359644308,-0.3095698632558173,-2.7169798676453274,0.007823018595019321,0.9997782268743401,-4.0461560901749625
107986294,-0.6192158147882245,0.4161614776402187,-2.462380144762432,0.015594889136587005,0.9997782268743401,-4.046156430179791
55917,-0.35601274427805607,1.8621518185641597,-2.0993229103554922,0.03842688038671381,0.9997782268743401,-4.051419152721458
106635540,0.21497383965283334,1.467032001307652,2.152262168258079,0.03389855748251083,0.9997782268743401,-4.058897251720543
3779,-0.39283671150165067,1.7072011919356143,-2.1254048755625607,0.03613443882157462,0.9997782268743401,-4.059095353863782
30835,-0.5632924086982443,0.34664093952996944,-2.415102010768305,0.017635138834402785,0.9997782268743401,-4.064664088373823
154467,0.4942259501801384,0.8920118301488814,2.262036930803189,0.02596329024196712,0.9997782268743401,-4.06753821568389
112268269,-0.2718658873030847,0.9508091545466885,-2.2462757808557257,0.02699163054602835,0.9997782268743401,-4.071819764980585
101928007,-0.6925474774192528,0.45766948883613184,-2.408827699990986,0.017923046717893725,0.9997782268743401,-4.071869188012514
8038,0.9459900558452699,-0.06681745587973664,2.4986859656513505,0.014174175748461745,0.9997782268743401,-4.074041947532962
692088,0.5535153993681798,-1.638662690898247,3.187309991168651,0.0019416425312367219,0.9997782268743401,-4.075071045800878
55092,-0.784840378096192,-0.24438901560487722,-2.590997658916228,0.011070125616407783,0.9997782268743401,-4.075955961688323
11341,-0.7670834795792567,-0.9637891053057043,-2.8792460033457226,0.004920527700926273,0.9997782268743401,-4.078146413166009
51474,0.4915329505339834,2.3359287122496095,1.9931379479549818,0.049100956391645266,0.9997782268743401,-4.078342679935804
10203,-0.4253972060920963,2.1445575395356404,-2.0258826914215025,0.04556770621410248,0.9997782268743401,-4.079696796293475
100533181,-0.44523712840080765,0.2292759664099456,-2.397288497850753,0.0184634802301633,0.9997782268743401,-4.081419383688969
285154,-0.5532041643206321,-0.2298778804443347,-2.5405150725449754,0.01268199195826409,0.9997782268743401,-4.0850941448109115
959,1.0325694709308608,1.8823423432017832,2.0275633709035707,0.04539238234188277,0.9997782268743401,-4.086522585559559
8476,-0.32924991117317215,2.0530676172759357,-2.0368301162828413,0.044436037468640444,0.9997782268743401,-4.087521393391196
391712,0.8124520556478658,-1.5803511361724765,3.0710338388587486,0.0027787759750117435,0.9997782268743401,-4.088849101946241
101927202,0.8754123815218311,-0.9076457113964587,2.7900110702350926,0.00636407792737231,0.9997782268743401,-4.094818794083896
2535,-0.4284310388273931,1.8438270156045258,-2.041961889196623,0.04391389699672984,0.9997782268743401,-4.097828847488689
4085,0.5499616675105421,0.8388973802585716,2.2319485878971963,0.027957224139652216,0.9997782268743401,-4.098983740036526
7643,0.2881701928689102,1.9511776113518609,2.014609086780318,0.04675878551985213,0.9997782268743401,-4.101836740029538
101927597,-0.1971649109447582,1.1632241262657625,-2.147468438362831,0.03428860113245263,0.9997782268743401,-4.103450900968039
199731,-0.35287815501082487,2.04964833421711,-2.014342909810456,0.046787226256609624,0.9997782268743401,-4.107437943725384
8487,0.2176075646025588,1.2580005030599086,2.1181299061234973,0.036761640647509405,0.9997782268743401,-4.109042781948697
92558,0.8311917652683742,1.8023767268781585,2.0089248544005605,0.04736936148208314,0.9997782268743401,-4.1110139506278855
79695,0.650219193721993,1.0291308503542675,2.141009258768876,0.034820311714239355,0.9997782268743401,-4.119851931229584
677806,0.5385604134738298,-1.7823104807705332,3.065150535164576,0.002828960382756073,0.9997782268743401,-4.120346209924053
64946,0.43160977558393154,0.4116555732867091,2.279601890916143,0.024857944210054474,0.9997782268743401,-4.122745178515789
54734,-0.3930915157767596,1.8359911080481275,-2.018151170293556,0.04638172206994123,0.9997782268743401,-4.122770008858905
105751187,-0.449870471432959,1.0748523569971147,-2.116839566663357,0.036873863587593016,0.9997782268743401,-4.123736446670384
55605,0.9230357060608672,1.779691147799557,2.0022754507355693,0.04809224243088454,0.9997782268743401,-4.12463529694689
105371933,-0.4014187781649677,-0.01902654421699477,-2.3927976993143267,0.01867769010653652,0.9997782268743401,-4.1299237354971154
91133,-0.3118972162268998,1.0113696229208122,-2.1493949261507637,0.03413138597181977,0.9997782268743401,-4.130073408573138
23145,-0.3862936006200021,0.6561764441582323,-2.2020725904215737,0.030068490620761525,0.9997782268743401,-4.134434120455351
84858,-0.5852329245443957,-0.6544491574933952,-2.5745851066068393,0.011572653338838692,0.9997782268743401,-4.134788725692306
478,0.7504794206140106,0.25122699813263666,2.283109711155596,0.024642226827694257,0.9997782268743401,-4.136228855777668
93978,-0.45422724932396275,1.786263998490804,-2.0087240595274105,0.04739105396512941,0.9997782268743401,-4.137633700191898
57604,-0.9739078820872855,-1.9357274719907924,-3.2301222546165937,0.0016977403503615678,0.9997782268743401,-4.137938327339465
105377068,-1.5468900347887367,0.8010665655657417,-2.2313522033035778,0.027998065625595626,0.9997782268743401,-4.141336562136324
401409,-0.7222886419654612,1.6806020488852547,-2.0417448957744786,0.043935868330202216,0.9997782268743401,-4.143625810309061
6276,-0.47877330510187954,-0.8700514725063301,-2.651679909536427,0.009378629368800361,0.9997782268743401,-4.146324221999654
6624,-0.37649406725326695,1.1003743772109884,-2.072949636663979,0.04087153475150989,0.9997782268743401,-4.150477673151943
79944,0.37997259439806175,1.0088534553237918,2.080408412064373,0.04016692698439052,0.9997782268743401,-4.151339899115985
102723694,-0.3762843734813276,0.7536511422796662,-2.1435588978111,0.0346095806113054,0.9997782268743401,-4.151389748399031
107986599,-0.21076851182960077,0.983811213625659,-2.099800970169134,0.0383837576827127,0.9997782268743401,-4.1535944160073495
28567,1.5250175594654873,-0.03745294567200288,2.3010403490712172,0.023565098372899093,0.9997782268743401,-4.15480062521531
57462,0.592706324526089,-0.9440563721119847,2.5917936747028634,0.01104626113601506,0.9997782268743401,-4.155830034143806
254427,-0.4083743758951399,1.0015753830894314,-2.1111203168944876,0.03737485113667305,0.9997782268743401,-4.158407226566613
112268474,-0.6135592499542692,0.0050493212081574625,-2.3236271647057047,0.02226747068681631,0.9997782268743401,-4.158513247875101
54492,-0.5913786272680343,-0.6333209687078286,-2.6090521611149398,0.010540139097384233,0.9997782268743401,-4.158547436498152
566,-1.2675995092659962,1.8743231262571165,-1.9917442649280472,0.049256383199241444,0.9997782268743401,-4.1628784543252975
53616,0.4042192436430162,1.1313705710758322,2.0476529692811845,0.04334101071107597,0.9997782268743401,-4.164652787617093
7123,-0.5449825059197845,-0.3902541581727319,-2.421531371324487,0.01734439464903354,0.9997782268743401,-4.165521888944397
4058,1.1238015209300585,0.4234901728331944,2.1675129431904363,0.03268319244042901,0.9997782268743401,-4.165556471267833
3363,-0.6452445693759536,-0.8243727943008966,-2.5282231459084477,0.013105120413999052,0.9997782268743401,-4.1693734185985605
140700,0.6181461656036752,0.6388452833982999,2.1029804696580525,0.038098017168826895,0.9997782268743401,-4.170214421268591
28614,1.6634321825195344,-0.5738813136674908,2.42598980708402,0.01714529305720117,0.9997782268743401,-4.170260890866901
56977,-1.3583254679839225,-0.5123086759260115,-2.629825785616196,0.009958774463180938,0.9997782268743401,-4.172689197178033
54674,1.6876333235662782,0.6650738371104126,2.0770070789048125,0.040486932037804006,0.9997782268743401,-4.175355453422833
100287616,0.3554695181759222,1.221536881498136,2.0046554718957497,0.04783242704223713,0.9997782268743401,-4.176324325475747
107985032,0.923984306032523,-2.038923231781817,2.9885457127271793,0.0035638339424595516,0.9997782268743401,-4.178042955862689
1511,-1.4801491260807254,1.3621677613525447,-2.0666766498981746,0.04147233617928324,0.9997782268743401,-4.179252389903929
729967,-0.40328924358252605,-0.34534457667419477,-2.3431117388079463,0.021199200521652226,0.9997782268743401,-4.17968739747002
53405,0.9736263084975292,0.2010077311399369,2.1976858771281362,0.030389929084816688,0.9997782268743401,-4.179719038845196
100128288,-0.3687939132685397,0.3236096535427019,-2.181447309834988,0.031606052030910166,0.9997782268743401,-4.1801817105633825
441172,-0.5572735435507516,-0.7389554611621332,-2.47004506063461,0.015284763379141367,0.9997782268743401,-4.181815621250545
9966,-0.4928512669830143,0.8356268904547824,-2.092461227906162,0.03905045239166357,0.9997782268743401,-4.182006995093986
105377105,0.35852146521427863,0.30404325077543565,2.174917284560219,0.03210691813760897,0.9997782268743401,-4.182711926963409
266812,0.2982997086157462,0.23062607034382268,2.200984965900026,0.030147908859843815,0.9997782268743401,-4.183485680866698
53833,-0.4362461310250796,-1.0772795304711897,-2.59114875800364,0.011065592105426977,0.9997782268743401,-4.184817430093897
153643,-0.7170675565569791,-0.6493773087382523,-2.558970282111216,0.012069746331980446,0.9997782268743401,-4.186101886847386
28609,1.4569393138205011,-1.961905642080568,2.8903608217409866,0.00476351917475114,0.9997782268743401,-4.190004680734013
105372165,-0.487952932740463,-0.4284024569728262,-2.397816396874407,0.018438443586913055,0.9997782268743401,-4.192260253181068
1793,-0.5639539941691326,0.16139011314671128,-2.2157316826205316,0.029086549005914796,0.9997782268743401,-4.192819263377033
4796,0.30320002029064785,0.5566185330238468,2.0967398791137573,0.03866060330591696,0.9997782268743401,-4.193970198046461
81693,-0.23239753512500982,0.8378809199850066,-2.0367592445519187,0.044443285518128844,0.9997782268743401,-4.195790354221675
84319,0.48118015446100665,0.4345239494918016,2.1073637296217824,0.037707108635347715,0.9997782268743401,-4.1981055616402765
105374063,0.4346339307173851,-1.17301414774014,2.5722127269485644,0.011646968657036629,0.9997782268743401,-4.198300925213006
5738,-0.44034375404198145,0.7540504116132242,-2.0439761236876577,0.04371039811090279,0.9997782268743401,-4.198769821040821
105369199,0.5112774205708231,-0.71466246949638,2.450255342153992,0.016096956785014736,0.9997782268743401,-4.200654090691946
102724488,-0.5179648243994114,0.18587501128644549,-2.184562180289,0.03136954239358404,0.9997782268743401,-4.200928707829591
619207,1.0047085632374746,0.11307948524530008,2.1833441944385927,0.031461838843174036,0.9997782268743401,-4.202807043421932
107985327,-0.5134826061759423,-0.6784699659318713,-2.4122888761458503,0.017763711429834635,0.9997782268743401,-4.206817289076655
28685,1.6623368258080125,-2.138903831207414,2.924533554004518,0.004309191545032038,0.9997782268743401,-4.207176919777825
80714,0.6248972174557766,0.2009189426519935,2.124089993239425,0.03624710885906919,0.9997782268743401,-4.207878984994416
28569,1.6102188773301833,-1.5469239555407484,2.6026129068465735,0.010726473837811046,0.9997782268743401,-4.209588604981018
105369352,0.4883350511414059,-0.42248159072624114,2.290406967012006,0.024198745117016585,0.9997782268743401,-4.209785851194792
94031,-1.5338871026167191,-0.5371458593223405,-2.49264241174896,0.014402314008886686,0.9997782268743401,-4.212257852529265
4646,1.0245663326892422,0.49200800773226255,2.0532986689718205,0.04277904190545486,0.9997782268743401,-4.213190573052021
645158,0.31890263114363304,0.6404640692135747,2.0260544859628133,0.04554975852300002,0.9997782268743401,-4.2151585236959725
100533182,-0.389874554670673,-0.7407750999675398,-2.4089918279167635,0.01791546245926013,0.9997782268743401,-4.216047095017803
2078,-1.2431298734991607,0.9399349004521982,-2.0926516764772276,0.039033027829531025,0.9997782268743401,-4.216133431765096
107985948,-0.6420915422761421,-1.2418036842251534,-2.5315402381953853,0.012989703372372458,0.9997782268743401,-4.219957830138366
115811,-0.46153091439593896,-1.4728855865941337,-2.675102378306153,0.008790998845062818,0.9997782268743401,-4.220276883711351
5737,-1.227534036354972,0.19833319963378768,-2.2003146144144674,0.030196949013950317,0.9997782268743401,-4.220437581778191
3908,0.9248533072976971,-1.2660257432144932,2.595401117055368,0.010938691248631114,0.9997782268743401,-4.221076636686407
51676,0.6429595675000661,0.18839650042345943,2.0883362777508427,0.039429503242672796,0.9997782268743401,-4.222364018489871
1795,0.7641664330057668,-0.08627063854648685,2.158746571431204,0.0333770863089319,0.9997782268743401,-4.223377801762917
102724805,-0.6154342937460028,0.5778022645529131,-2.044731648884788,0.04363427600307834,0.9997782268743401,-4.224948339157716
28620,1.6321822524359149,-0.7843692820509812,2.352520823871527,0.020699761796843397,0.9997782268743401,-4.226173614449702
55545,1.409403578614644,-1.3280109047714224,2.5536768840793824,0.01224257315984853,0.9997782268743401,-4.227063590732557
728833,-0.37487487533725994,0.3328044051144759,-2.108200173753742,0.037632907876128274,0.9997782268743401,-4.227063714279176
25945,1.1596136575477223,-0.3197645902643253,2.1991758656345457,0.03028041479462443,0.9997782268743401,-4.228801390257654
6043,0.23233824914498594,0.2653090516145116,2.0815005507583373,0.04006463935411205,0.9997782268743401,-4.231060731873462
54602,0.7187974288783161,0.5384860124882344,1.9852541540890758,0.04998570994643654,0.9997782268743401,-4.232151353550342
109136578,0.5127464277625524,-0.021973003394275718,2.112270352344484,0.037273641725651376,0.9997782268743401,-4.2356387756146905
105374464,0.6885798897366455,0.5998704957004344,1.9975352898071548,0.04861329233139414,0.9997782268743401,-4.2374923868301755
107985893,0.3498985300033442,-0.03782269761117343,2.0838389155272785,0.03984638704632685,0.9997782268743401,-4.237963276897674
23371,0.4896490493961866,-1.2372651355203657,2.4875007333307386,0.014598991207761333,0.9997782268743401,-4.24126758161104
107985334,0.5351980937630285,-1.3973749383696914,2.5345664397676058,0.012885205298690744,0.9997782268743401,-4.242166770057332
7190,0.3659274372065803,-1.0660572608386543,2.39906034861453,0.01837956606199818,0.9997782268743401,-4.249465847677703
102723675,-0.4032898660188209,-0.3313846566010119,-2.156233408959214,0.033578359906024265,0.9997782268743401,-4.255466658605135
83890,0.374076226700889,-0.09515516776304468,2.0820389800308647,0.04001429374649322,0.9997782268743401,-4.260082490405915
10891,-1.3835855382410909,-0.9994976504545964,-2.4558777916777195,0.015862373102056685,0.9997782268743401,-4.261513611739866
129446,-0.9650483716194078,-1.0613514515654132,-2.455446857763135,0.01588024416584321,0.9997782268743401,-4.261891438723892
101927596,0.6450252672272068,-0.7218262090671801,2.241447332764344,0.027313730217427275,0.9997782268743401,-4.263917937830409
100289495,-0.5038347174651029,-0.5784105122849611,-2.2848723967489843,0.02453445163223243,0.9997782268743401,-4.268351796196811
101926888,0.38796419449691655,-1.2102784471525312,2.3919237050030433,0.018719635202348536,0.9997782268743401,-4.270432977985639
2653,0.33127608446632095,-0.785592707529006,2.241822510666212,0.027288582406879664,0.9997782268743401,-4.272192022829896
28673,1.3058760792670159,-0.18987009605939645,2.0492833312292564,0.043178078690857234,0.9997782268743401,-4.272746633501811
1846,1.0828485493660933,-1.6670223248870266,2.496114409531897,0.01427085065916552,0.9997782268743401,-4.272749858669136
28557,1.5504119473998923,-2.0670923047215437,2.63453142842392,0.009831182022274764,0.9997782268743401,-4.272997273675151
728229,0.5448957174857696,-0.7859680162494419,2.2138609178670934,0.02921935835674125,0.9997782268743401,-4.2784679287254175
28664,1.3346435490033028,-1.1382130838732651,2.262421618691336,0.02593862724693495,0.9997782268743401,-4.278991668811688
85320,-0.22998214083560448,-0.28211838612420115,-2.09433123964961,0.038879651080066836,0.9997782268743401,-4.281673234375193
6097,1.3649574641115456,-0.2520047017231599,2.0875126884399124,0.039505563500584914,0.9997782268743401,-4.28318110812525
28602,1.4223456661603961,-0.8419667052645395,2.2254686928140597,0.02840378680523485,0.9997782268743401,-4.2832009904179085
100885789,0.8810563250479142,-0.17438450523544513,2.0421473934326593,0.04389512152377449,0.9997782268743401,-4.2843109374014805
105377343,-0.8669486133802895,-0.5383771680507438,-2.178656326049736,0.03181928717481528,0.9997782268743401,-4.284504845138224
199221,-0.9682484495116199,-0.08420119318226393,-2.106359520767576,0.03779635874238686,0.9997782268743401,-4.287936064071665
28581,1.4099310011099244,-1.7930322317440657,2.460696923100169,0.015663741481715367,0.9997782268743401,-4.292545774496145
89866,-0.47920529734652173,-1.4596900795900083,-2.4168665867732537,0.017554913426001566,0.9997782268743401,-4.2937694900736965
100131439,0.9835614446247973,-0.14544844106300217,2.025199543887169,0.04563913579618288,0.9997782268743401,-4.295691790595004
101928607,-0.7987102175076226,-1.74295324059368,-2.5668027323507827,0.011818048863333572,0.9997782268743401,-4.300219953693481
729041,1.18192448874815,-1.9907002585465452,2.530081751077232,0.01304033794309677,0.9997782268743401,-4.3038379070766695
105375669,0.44743227552755754,-0.3420594221800637,2.0314990921517597,0.04498407702820449,0.9997782268743401,-4.306218902046369
105371711,-0.537462365488004,-1.3630964919729236,-2.37012864032673,0.01979305808384536,0.9997782268743401,-4.306499224515699
8483,-0.4802325091924468,-0.5694503100039815,-2.074952907980859,0.04068125448396942,0.9997782268743401,-4.306507504191268
101928307,-0.8932752931109851,-1.438415414003224,-2.3220778571984986,0.022354420223808014,0.9997782268743401,-4.307503444164804
65975,-0.6621095287308673,-0.996664080477545,-2.269772269859756,0.025471301435630835,0.9997782268743401,-4.307571596883235
200879,-0.7128870137899641,-0.11373621976062244,-2.046685299901271,0.04343796512383879,0.9997782268743401,-4.309749116516282
28568,1.3718635694399934,-0.40954790241542266,1.9899547258719525,0.049456571533200176,0.9997782268743401,-4.313569812956294
84815,0.5639749663322347,-0.5357487764287482,2.089030602253788,0.03936547900415765,0.9997782268743401,-4.314082556773612
51162,-0.605491911429674,-0.15175724646967428,-2.001481038656567,0.04817923222952037,0.9997782268743401,-4.31462491448615
121504,0.3747444416979395,-0.6738065016968027,2.0973854157569214,0.03860207787547256,0.9997782268743401,-4.315264687747291
114990,-0.3266965697101778,-0.23900623686179132,-2.007078881200596,0.04756910736415042,0.9997782268743401,-4.315839115806744
201625,-0.4399427722317102,-1.1445956426207957,-2.2572776872240703,0.026270121072770845,0.9997782268743401,-4.316345459493504
54360,-0.8586251806915259,-1.728462240340793,-2.4515000437159356,0.01604475916307515,0.9997782268743401,-4.320102859138259
8912,1.4786579850735468,-1.950778919073007,2.4419096852119826,0.0164508723029949,0.9997782268743401,-4.320680781068854
107985224,0.517601580358289,-1.5666587534193,2.3233463350360415,0.022283209082355416,0.9997782268743401,-4.321770216266823
28586,1.1499550457775842,-0.9315765263402976,2.09174888006863,0.03911568617916851,0.9997782268743401,-4.321986707876203
105379524,0.36364497493532233,-0.6117432845791798,2.061088365133962,0.04201394216688869,0.9997782268743401,-4.322452850202964
284615,0.47527059367036956,-0.7340214318340084,2.0866076956428383,0.039589287394829704,0.9997782268743401,-4.3225671224535045
100288380,-0.36594001973546675,-0.19012464165808327,-1.989514349082311,0.04950594082358101,0.9997782268743401,-4.32273628046114
23007,-0.68486754174362,-0.12046540078152673,-2.005016891926185,0.04779307755317067,0.9997782268743401,-4.322864873335526
3675,0.8277482857217298,-0.49386018746798005,2.0274485811959426,0.04540433848765468,0.9997782268743401,-4.323677951746209
101927966,-0.6458063547533284,-0.6414620832870308,-2.094354713872912,0.03887751111762364,0.9997782268743401,-4.323723680670077
100147744,0.507587995968273,-1.9849033933599995,2.4527379154866455,0.015992997904573748,0.9997782268743401,-4.328859731654899
105378779,0.9641013551133335,-1.9334776829565696,2.416620276821296,0.017566092213245114,0.9997782268743401,-4.329348468004082
256949,0.5016220324785463,-1.1111234665439578,2.164828911645361,0.03289429944459866,0.9997782268743401,-4.32940843268666
441046,1.0586936415767725,-2.948172208762282,2.773483324075205,0.006670587468859782,0.9997782268743401,-4.330776932955643
7539,0.7529632321167755,-0.7539727305103029,2.061433048171983,0.04198036106338556,0.9997782268743401,-4.3308407445053705
105371490,-0.45600231753718157,-1.2083119996247709,-2.1937753156842303,0.030679001105934904,0.9997782268743401,-4.331250948215369
84206,-0.3363234741447263,-0.7468550108435131,-2.0368078276611152,0.04443831681600436,0.9997782268743401,-4.332320274883765
114614,0.5278176914019862,-0.49799458101538824,2.0025741025938526,0.04805957410859336,0.9997782268743401,-4.333371619154008
105369851,-0.6853973252585708,-0.4255543319320489,-2.0044765110129146,0.04785192158643176,0.9997782268743401,-4.334442376111801
28692,1.2884758775528555,-1.1458717339041091,2.140934171256235,0.034826534632921284,0.9997782268743401,-4.334759999161127
107984858,0.3022487066645443,-1.0960246727960679,2.1413436610051226,0.034792609656846274,0.9997782268743401,-4.336045245684885
107985174,-0.6186706026620288,-1.3277536831329857,-2.234289230862555,0.02779743643398546,0.9997782268743401,-4.337794761750677
326,0.9214992317811839,-2.5004386308823765,2.544243994680923,0.012556080758457197,0.9997782268743401,-4.337859222540243
6489,1.328896463975839,-0.8598289775169988,2.006821118662298,0.04759705603728425,0.9997782268743401,-4.338553178581261
91107,0.6996964919784371,-0.8877655945540907,2.038204595017591,0.04429566979976099,0.9997782268743401,-4.339428185797562
6373,-1.3705363133123323,-2.281284437976304,-2.709438269754522,0.007989839649941422,0.9997782268743401,-4.3395414233810214
283587,0.5059381486721111,-1.4711350609468388,2.2714844144092523,0.025363518326327272,0.9997782268743401,-4.340327155158272
4883,-0.7807739545748581,-0.9209903025658651,-2.1278827646939624,0.03592293676190567,0.9997782268743401,-4.3416716365883365
105374745,0.45233113971926764,-0.8754691057243001,2.0915052268088385,0.03913802047461911,0.9997782268743401,-4.34187808403486
221061,1.3062333668182422,-0.9205577877676704,2.041602642633773,0.04395027706737736,0.9997782268743401,-4.343179562965057
105374382,0.6880345838164952,-0.8372310765927922,2.0848757514495215,0.03974994188352648,0.9997782268743401,-4.344398217872629
107985076,0.7326682230916344,-1.4332951307604693,2.221095657551966,0.028708671212624333,0.9997782268743401,-4.345885609507491
10609,1.0433852884829349,-1.6887633268237001,2.2533292660704047,0.02652708887004526,0.9997782268743401,-4.348311041543876
28653,1.2053312902930953,-0.8527291719846329,1.9891126754147719,0.049551007837330366,0.9997782268743401,-4.3486451084845985
100616483,-0.4048642790112047,-0.7747732604646828,-2.0222969203611707,0.04594370229863737,0.9997782268743401,-4.349944379413242
387103,-0.41193218219605077,-0.661367563647889,-2.0198306622036246,0.04620384667514706,0.9997782268743401,-4.350387767507836
10293,0.35083459224738744,-0.9123954119447814,2.058216275463645,0.04229465735277288,0.9997782268743401,-4.350589002166323
23105,-0.772476546022483,-0.8242632340193352,-2.0878446356680027,0.039474892249122553,0.9997782268743401,-4.3508037480413435
10803,0.8151610690234457,-0.9724499094816319,2.0656304661338836,0.04157327103023317,0.9997782268743401,-4.350829915824933
105377033,0.3535271117990879,-1.341257511876327,2.117059195296766,0.036854741221423334,0.9997782268743401,-4.354021447209167
282973,0.45780082562759983,-0.8431196922728631,2.023490055265875,0.04581829917954794,0.9997782268743401,-4.3544470358375715
105369699,-0.7410772565482022,-1.3116388860822208,-2.1967237883103277,0.030460826191996353,0.9997782268743401,-4.355119079202763
105371990,0.5400033186398593,-1.1020361255477154,2.051802813351834,0.04292732557277207,0.9997782268743401,-4.356253168456602
105370970,-0.5419972192072877,-1.7670307209578906,-2.322800956123857,0.022313801547019507,0.9997782268743401,-4.356809383598698
79850,0.4405485638597676,-0.6060142976083105,1.9857655960022431,0.04992790469084458,0.9997782268743401,-4.358454074309695
104326058,-0.4379338448188358,-0.7949862517949208,-1.9991174560064444,0.04843884397325342,0.9997782268743401,-4.36175293012504
84171,0.5208838170814407,-1.74060207145122,2.2602617635504205,0.026077366202263762,0.9997782268743401,-4.361867078197568
101926948,-0.5648170876917207,-1.9882719511396496,-2.3416918275888423,0.021275488865562905,0.9997782268743401,-4.3621775448749815
28603,1.4184979961703357,-2.88287302531995,2.6481848959785474,0.00946930242048181,0.9997782268743401,-4.362264450657709
101929447,1.4042843126151547,-1.8935238225416624,2.2411188191888436,0.0273357668401907,0.9997782268743401,-4.362317774727334
28610,1.1761112993703453,-2.2392888974913334,2.3655479471170917,0.020025483674676648,0.9997782268743401,-4.363754668621537
7424,-1.013651637574771,-1.975254353022329,-2.4299552274585237,0.01696992214124446,0.9997782268743401,-4.364526358353751
28741,1.3073867217453814,-3.326556834737112,2.715709645782998,0.007850892216892207,0.9997782268743401,-4.366997130948841
113391335,-0.5119526753857109,-1.5376722210072584,-2.1901171610988754,0.030951583244369665,0.9997782268743401,-4.367507596951906
7098,1.0112230874690749,-0.9207843676677722,1.9868457110172917,0.049806012733461524,0.9997782268743401,-4.36753919672406
112267973,1.3099642148468043,-1.2986298383422918,2.051975062863031,0.04291022808292337,0.9997782268743401,-4.367772402901771
407010,0.5374287188094781,-1.1505169107715536,1.9956284472997425,0.04882425105983255,0.9997782268743401,-4.368037490541176
59277,1.377212164883214,-2.8067623608505925,2.549769075626308,0.012371586711616245,0.9997782268743401,-4.368898564487919
105378378,-0.7971818846789023,-2.093929354293829,-2.3739963129171375,0.019598677537421165,0.9997782268743401,-4.368965339780441
28743,1.028785911304291,-2.5298683784560994,2.4418576989474374,0.016453098482037572,0.9997782268743401,-4.369563178690027
28655,1.2689706026315182,-2.209592548974378,2.311664584369499,0.02294664831000254,0.9997782268743401,-4.3706084886675125
100861412,0.7330566748487108,-1.177904180678455,2.011907143753721,0.04704817277622026,0.9997782268743401,-4.373321237230065
105375878,-1.4352067178707824,-0.9138433288786746,-2.058382507488358,0.04227836616943401,0.9997782268743401,-4.376257224052124
105369151,1.2953509223781898,-1.7877842635902317,2.131835768091611,0.03558774494907434,0.9997782268743401,-4.376322851479892
28628,1.0662179376703338,-1.8973393322488794,2.178175456130368,0.03185615257573501,0.9997782268743401,-4.378126000275088
28676,1.187862748523274,-2.3303974256264333,2.313427274852064,0.022845436732529034,0.9997782268743401,-4.378217853187741
28635,1.300819636835083,-1.559294560087962,2.083934787393242,0.039837460712766934,0.9997782268743401,-4.3788169771138
56241,0.4744019169518573,-1.2896060447736841,1.9967133790694431,0.04870412683960474,0.9997782268743401,-4.3795105917232124
2524,0.8775918366667934,-2.343938620033841,2.3839594010190077,0.01910573436241058,0.9997782268743401,-4.379703212008436
10842,-0.9231557357230366,-1.2057698363180613,-2.0138553021106063,0.04683936499324153,0.9997782268743401,-4.379746800799859
105374027,0.9046281893647039,-1.8435056095020246,2.2033025102139026,0.02997890209412966,0.9997782268743401,-4.379839968799841
79931,0.8138179280632106,-1.3179210348459547,2.05944065409012,0.04217479132444123,0.9997782268743401,-4.381371651743518
28647,1.2243549392315052,-2.121101649627172,2.1982592608911187,0.030347744483405017,0.9997782268743401,-4.385657030003792
105379185,1.1609178445936896,-2.6724044411224726,2.3849510987078473,0.019057275783515175,0.9997782268743401,-4.385860368440165
28606,1.2564352491110071,-1.6036102967251396,2.085753563801812,0.039668446246873906,0.9997782268743401,-4.386913116872647
5896,0.4609589262317322,-1.4291558765171606,2.047769145079298,0.04332938311979897,0.9997782268743401,-4.387190012509759
107984952,0.378440050821615,-1.5554110809085948,2.0842391933117215,0.03980912983977287,0.9997782268743401,-4.38727256604598
729234,0.5433112880227506,-1.799650640402054,2.1217029248362667,0.03645243014410051,0.9997782268743401,-4.387362889008667
28691,1.0989720723610297,-1.8186118752704277,2.077937429798405,0.040399185137936555,0.9997782268743401,-4.388497613085914
79465,0.9543425348735108,-2.2743173641011816,2.2950889309305396,0.023917919509997866,0.9997782268743401,-4.38872617185963
91646,0.9342997016437016,-2.868374478486112,2.4538134766267206,0.015948144747698425,0.9997782268743401,-4.389497707607936
664701,0.5943165092660714,-1.6095977957451477,2.094279722671232,0.038884347838784146,0.9997782268743401,-4.390593311541574
6013,0.8227710216971066,-1.5365874080926336,2.0605711164854386,0.0420643789775012,0.9997782268743401,-4.391268683749914
107985220,0.7042092678995957,-2.336788450851385,2.28690678565545,0.02441057967112033,0.9997782268743401,-4.391796553454479
389197,1.2803805311020233,-1.8995026070901873,2.1009789064912288,0.0382776818935487,0.9997782268743401,-4.392107726707165
29953,-0.8383335371274001,-1.4847733304393689,-2.142804651721825,0.03467180451483761,0.9997782268743401,-4.3933827609811935
101928630,-0.34330258577922934,-1.2472113848334163,-2.0016854488649334,0.04815683606029924,0.9997782268743401,-4.394190379441862
6785,1.117518967813122,-1.6725849578727834,2.042196001364751,0.04389020289906734,0.9997782268743401,-4.396847124317349
400685,1.0024868572489711,-1.6510595361406095,2.0269545096546793,0.04545583025189863,0.9997782268743401,-4.397562177464996
6441,-0.7275156470948707,-1.9281964417266508,-2.178526214458813,0.03182925837874373,0.9997782268743401,-4.398441007282036
28688,1.1730228648859153,-1.5378681501927607,2.0014472876899783,0.04818293100316812,0.9997782268743401,-4.398550684446173
28566,1.323130447500546,-2.828788306071965,2.383108266997991,0.019147411618730556,0.9997782268743401,-4.3992465742580755
8820,-0.5578931274533383,-1.3102980884587405,-2.0316433237841363,0.044969173886258464,0.9997782268743401,-4.400416458221622
28633,1.1064960509842727,-1.6424611589638494,2.0066344037540533,0.04761730991523836,0.9997782268743401,-4.400839713166628
30812,1.2595629049171833,-3.161607971033716,2.477438434644688,0.014990861779011646,0.9997782268743401,-4.401762300385773
100505530,1.584216783813166,-2.7436127303671083,2.3481683072271644,0.020929485640024965,0.9997782268743401,-4.402820693322328
6956,1.3211639536154132,-2.1611041117332257,2.15108816730098,0.03399372253126411,0.9997782268743401,-4.403490632020945
5063,1.0494463745857139,-2.051048560691584,2.1049900646736837,0.0379183647346978,0.9997782268743401,-4.4038428015446875
3,1.2837904868096601,-2.0642603107273896,2.1360310125813933,0.035234980170282156,0.9997782268743401,-4.404091519294856
7180,-1.6502811113978277,-1.2050013252501623,-2.1428569846507153,0.034667484013960005,0.9997782268743401,-4.404718845968904
28573,1.2020701315676017,-1.7786128069249465,2.0411900376780867,0.043992092506211215,0.9997782268743401,-4.404733759682431
553158,0.6343490370997846,-1.7301378108553427,2.0530731390383297,0.042801370412923444,0.9997782268743401,-4.408760047143245
102723436,-0.7759820645027624,-1.7894052332020547,-2.0635920238601364,0.04177054504580919,0.9997782268743401,-4.40892122558918
107984593,0.7147619957643399,-2.4051204141161002,2.208800561407957,0.029581262459649826,0.9997782268743401,-4.41169332215661
2938,-1.2878472771235527,-2.932985999574802,-2.4876523376383233,0.014593157866085804,0.9997782268743401,-4.412175444256206
28624,1.2787477002175613,-2.373437259941801,2.2052674904639424,0.02983625464801766,0.9997782268743401,-4.412464417866911
105372118,0.7251646489208603,-2.2203558916286084,2.1817783866367852,0.03158084006824413,0.9997782268743401,-4.412831728816578
50937,1.0503687163292013,-2.5263263270361276,2.201782281771481,0.030089671042003337,0.9997782268743401,-4.413281342004692
105371687,-0.7831485835855299,-1.7878308569934276,-2.004991532941124,0.04779583760268527,0.9997782268743401,-4.414806957114139
5167,0.8208896504847714,-2.0815435096887285,2.1272251229879306,0.03597896547024062,0.9997782268743401,-4.415815345055621
56920,1.002139705668695,-2.514996142534546,2.196602506794097,0.030469773760187467,0.9997782268743401,-4.416151612010966
79015,1.116001998831542,-1.827063288878831,2.0217545199943454,0.04600080770659058,0.9997782268743401,-4.416241311618502
26806,0.34380523156633447,-1.7605467337732625,2.0130124963541918,0.04692960131286778,0.9997782268743401,-4.416585390237977
128229,-0.4239345374753387,-1.6533151227870924,-1.997999610605491,0.048562041229058044,0.9997782268743401,-4.416875652610542
163183,0.40742789279253233,-1.6530758034496549,2.0027406956914877,0.048041359391814045,0.9997782268743401,-4.418887303607524
4071,-1.0408834179610693,-2.253837806939489,-2.259782681705228,0.02610822831880135,0.9997782268743401,-4.419229658427731
100874235,0.8339061162896932,-2.604181316493221,2.200356738854773,0.03019386531444031,0.9997782268743401,-4.421173684691082
101929770,0.6663452392831324,-1.8792311442989884,2.012048828144499,0.04703295996567308,0.9997782268743401,-4.4224784448732954
105375855,-1.1309232000277696,-2.2531451783545235,-2.249030470773912,0.026809364762535242,0.9997782268743401,-4.423525330650037
9479,0.5490490062602313,-2.1074298117071937,2.1127554741460557,0.03723101947003186,0.9997782268743401,-4.424604258509863
149233,1.1796838658213151,-2.5531984349491883,2.21842086740029,0.028896562972379736,0.9997782268743401,-4.425012302781533
1600,0.8579688269399386,-2.075823270408916,2.056346594587348,0.0424782629152424,0.9997782268743401,-4.42593003531674
619562,0.4750476859656807,-2.0896194430795325,2.057012568750001,0.042412784857404864,0.9997782268743401,-4.428877398165994
101927774,1.2886408813243369,-2.686808358188559,2.218955332634582,0.028858933501439886,0.9997782268743401,-4.429235571044331
107984650,1.1492918767736664,-2.7507691347200676,2.186255091495721,0.031241649009762593,0.9997782268743401,-4.430134749069204
28728,1.1826098613890923,-3.1516829876408483,2.3406761770561992,0.021330206173710023,0.9997782268743401,-4.431398340501236
79070,0.494570893688427,-1.9803714466355842,1.9986379647564192,0.048491655802478856,0.9997782268743401,-4.432929222746442
107985047,0.6976024145214297,-2.1032639341665216,2.0435183079454284,0.04375658023776482,0.9997782268743401,-4.4339191072308735
246777,-0.7137955049915499,-1.8940255576703342,-2.0078206797781966,0.0474887538243706,0.9997782268743401,-4.4346399640557275
844,-0.8735184533277236,-2.4698046853179,-2.10589158899683,0.03783800897210544,0.9997782268743401,-4.438896715545511
57593,1.0062888689611162,-2.785837982804841,2.1341103559328523,0.03539610409839444,0.9997782268743401,-4.439501003462957
102724135,0.676987385990103,-2.1559827982290463,1.9939132195277782,0.049014677391658525,0.9997782268743401,-4.440743795066802
107984318,0.8528272154084444,-2.9474187950995714,2.2261186905855896,0.028358712205126084,0.9997782268743401,-4.441972035383454
105375879,-1.312030173204778,-2.0839064373697007,-2.079728667745974,0.04023070406898096,0.9997782268743401,-4.442381391303518
105373133,-0.7344133462680218,-2.2623532119187395,-2.077510603545973,0.04043942129316943,0.9997782268743401,-4.442523785704515
9915,-1.2866804903730396,-3.0231228172738036,-2.3103647601574973,0.023021535885252936,0.9997782268743401,-4.447621083061047
6581,0.9028496637830719,-2.8163321656222196,2.150155710076072,0.03406947315423642,0.9997782268743401,-4.447927894264988
107985242,1.021401676839334,-2.9835026755591714,2.2013419363789795,0.030121822747002515,0.9997782268743401,-4.448302624668698
55742,1.1392949334696958,-3.041236792833125,2.2138301830725546,0.029221544699778963,0.9997782268743401,-4.449900657435909
105369360,1.0367034791501095,-3.176265440705773,2.193698732163297,0.030684686088639605,0.9997782268743401,-4.450679361363169
107984877,0.7909621391967807,-2.669588308001687,2.1061470271238605,0.037815267717674114,0.9997782268743401,-4.450889786456346
101929003,0.8171701640278934,-2.887033539124461,2.072412344360846,0.04092269944379054,0.9997782268743401,-4.4544452719494325
105370363,1.05958304558485,-3.0680868205248975,2.1241494998517414,0.036242003274820835,0.9997782268743401,-4.459294840460985
195977,-0.9590867329915249,-2.539700083999295,-2.0335571686821643,0.044771820473445446,0.9997782268743401,-4.472042399916564
