"","gene_id","baseMean","log2FoldChange","lfcSE","stat","pvalue","padj","s-52","s-92","s-42","s-82"
"1","CISH",5865.16969065361,7.07807057705302,0.57796009244445,12.2466424059085,1.75096137529938e-34,2.36554881802946e-31,10431.8835338501,12855.6440921929,99.9330339385145,73.2181026329291
"2","VDR",5474.22474562315,8.4536788681711,0.700607285970335,12.0662160349401,1.59291906467094e-33,1.07601682818522e-30,8914.95890747782,12920.8832680825,19.217891142022,41.8389157902452
"3","IL4I1",4770.93358167135,6.49668817074093,0.672138271162018,9.66570190908667,4.21718959296071e-22,1.89914104669664e-19,8444.92592465825,10431.2152584575,65.3408298828748,142.252313686834
"4","CCL17",10605.5260173138,10.7750439140512,1.15510480568802,9.32819590135219,1.07688229563542e-20,3.63716995350864e-18,25320.5343502529,17078.5583153176,0,23.0114036846349
"5","FCER2",21611.8644601154,4.65582127061411,0.51326091937832,9.07106131566263,1.17863297861343e-19,3.18466630821348e-17,41328.7182711897,41820.0749662092,1693.09620961214,1605.56839345066
"6","SOCS3",9533.66319371665,4.92627656146649,0.549219780739968,8.96959056141292,2.97618677794475e-19,6.70138056167227e-17,17233.118361012,19688.1253509019,518.883060834594,694.526002118071
"7","GZMB",2964.78385157585,13.0730157452328,1.48375486991254,8.81076518118079,1.24294487503296e-18,2.3988836088136e-16,6356.84000704162,5501.24942636701,0,1.04597289475613
"8","BATF",3002.61210644974,4.74088220910313,0.572230896221433,8.28491128390344,1.18197159485781e-16,1.99605453081613e-14,5479.44510577842,6098.98133519343,176.804598506603,255.217386320496
"9","ARHGEF17",874.876411029473,10.3908385824267,1.25894874842829,8.25358347224138,1.53714425054434e-16,2.30742431387267e-14,1411.52329083089,2085.89040749749,0,2.09194578951226
"10","HOMER2",2827.46164663822,4.71348379945534,0.578736919200829,8.14443254452149,3.81064721669175e-16,5.14818438975056e-14,5325.61612958293,5570.0150441966,165.273863821389,248.941548951959
"11","ZBED2",762.142136591381,5.5454977595652,0.697955793436824,7.94534240092551,1.9365511991978e-15,2.37843697283293e-13,1504.10554502262,1479.34239382113,44.2011496266506,20.9194578951226
"12","LMNB1",9653.36551366113,4.26035588760103,0.540319730136609,7.88487935934503,3.14839532384064e-15,3.54456840209059e-13,19440.8490378918,17258.4068542565,837.90005379216,1076.30610870406
"13","ARNTL2",1385.7170145686,5.29409482329675,0.689199082792101,7.68151751138318,1.57214983962258e-14,1.60948422691807e-12,2925.59923245877,2480.85190477512,42.2793605124484,94.1375605280518
"14","FOSL2",9233.67834961027,5.2097205535808,0.678884291785636,7.67394475997954,1.66785930250577e-14,1.60948422691807e-12,13918.673660948,22045.5517877778,320.938782071768,649.549167643557
"15","LRRC32",2017.25355744537,4.84009014895181,0.640811790031594,7.55306039034202,4.25147736293604e-14,3.82916394488439e-12,3545.18816435729,4252.8889796145,94.1676665959078,176.769419213786
"16","ICAM1",5641.57723411338,3.99361757020894,0.529647214872244,7.54014645611275,4.69443936560517e-14,3.96386723933287e-12,9661.3143105004,11572.0192260406,668.782611742366,664.192788170143
"17","QSOX1",6634.98670343739,4.32470113970882,0.58824326794355,7.35189227889955,1.95420275169882e-13,1.55301642208535e-11,10323.6335135643,14955.6402674503,528.492006405605,732.181026329292
"18","ADTRP",333.260271409969,6.74299555040782,0.918468285509507,7.34156601462537,2.1110898158686e-13,1.58449018957694e-11,729.263294556421,592.442245916448,1.9217891142022,9.41375605280518
"19","ARID5A",7628.08203507893,3.90663836538975,0.538979725668402,7.2482102374909,4.22314749226991e-13,2.98993102986186e-11,13002.8215156359,15602.7423634364,862.883312276788,1043.88094896662
"20","IL2RB",1913.01872729783,5.0286888597984,0.694393427085837,7.2418439801516,4.42624874887026e-13,2.98993102986186e-11,4197.53697081597,3228.45759605064,69.1844081112792,156.89593421342
"21","PECAM1",2507.78442529383,-3.84507959254837,0.53476781304409,-7.19018515841632,6.47035152534601e-13,4.16259281463926e-11,317.628348996254,335.011984297991,4958.21591464168,4420.28145323941
"22","MOB3C",6400.29409256877,4.43462788335949,0.62773763752199,7.06446072098734,1.61240943190245e-12,9.90165973863731e-11,9253.95239205678,15216.5969710088,449.698652723315,680.928354486241
"23","SLC39A8",4818.46390369402,3.99721411773057,0.572418779219399,6.98302407754953,2.8889287617326e-12,1.69693163352206e-10,8252.63970441388,9886.37997873072,461.229387408528,673.606544222948
"24","TNFRSF8",433.28850974225,4.46743982184699,0.654482160888735,6.82591534012259,8.73664433153408e-12,4.91800270495939e-10,928.671226661693,729.973481575623,32.6704149414374,41.8389157902452
"25","HIST1H3B",246.741848901845,4.68697183576691,0.712249913489776,6.58051583720437,4.68818890061225e-11,2.53349728189086e-09,468.608640447388,481.359324807114,19.217891142022,17.7815392108542
"26","SGK1",3401.78634523086,3.74833058782394,0.570153559807039,6.57424745202417,4.88998504168439e-11,2.54091145819831e-09,5146.14899068819,7518.37421603492,493.899802349966,448.72237185038
"27","CSF2",245.569029680115,7.32211788700181,1.11898414389428,6.5435403414381,6.00792683277953e-11,3.00618857447598e-09,606.769850548898,370.27640369778,0,5.22986447378065
"28","ENPP1",2248.27493192262,8.06310251236243,1.24189618351723,6.49257371057099,8.43822089890657e-11,4.07144158372242e-09,4194.6882860716,4765.98628188142,0,32.4251597374401
"29","APBB2",679.24375959401,-3.95188602827782,0.612302955637158,-6.4541351497569,1.08838649449013e-10,5.070379841573e-09,76.9144880977476,88.1610484994714,1078.12369306743,1473.77580871139
"30","DGAT2",1623.10071208687,4.14940593779264,0.646129603236252,6.42194060914347,1.34547920010842e-10,5.86368515918217e-09,2776.04328337982,3371.27849461979,119.150925080536,225.930145267324
"31","NFIL3",5022.21080021693,7.11691994582586,1.10800344622999,6.42319296933718,1.33445150272064e-10,5.86368515918217e-09,7822.48830801536,12123.9073896473,9.608945571011,132.838557634029
"32","NCS1",234.425007552778,4.83646460055429,0.755196689225374,6.40424497294233,1.51115312807957e-10,6.25202884036319e-09,528.43102007897,377.329287577738,17.2961020278198,14.6436205265858
"33","PTPN1",37455.9352780944,3.27662198467533,0.511761184691195,6.40263873598091,1.52714249986666e-10,6.25202884036319e-09,66079.5156725704,69730.0997001719,6908.83186555691,7105.2938740784
"34","SLC37A3",2490.48016165291,4.71255518756629,0.741926149449725,6.35178473094864,2.12831026324009e-10,8.40379835253415e-09,3882.75730656407,5714.59916373573,99.9330339385145,264.631142373301
"35","SOCS1",4334.45954749187,4.58428878216702,0.722541053138114,6.34467586617632,2.22894232692022e-10,8.40379835253415e-09,7370.97177603414,9274.54230214439,190.257122306018,502.066989482943
"36","WARS",35303.1285590792,3.649197146042,0.575224008728523,6.34395833739312,2.23935411318452e-10,8.40379835253415e-09,52143.7499031563,78644.9449244384,4658.41681282614,5765.40259589579
"37","BHLHE40",15306.3492613794,3.28842395197619,0.52093282143984,6.31256817892009,2.74442489314923e-10,1.00208595422827e-08,27495.5051525726,28045.7927486518,2619.3985626576,3064.70058163546
"38","GZMH",205.48527856368,10.6223857032181,1.6974202004059,6.25795881342637,3.90048790680908e-10,1.38672609528923e-08,539.825759056414,282.115355198308,0,0
"39","XBP1",7403.27346460579,3.79955961128714,0.610331552992884,6.2254025580936,4.80321106076619e-10,1.6638815751526e-08,11752.2489128614,15877.8048347548,745.654176310454,1237.3859344965
"40","LTA",3485.94013432947,3.75986524366096,0.606815180990458,6.19606325195099,5.7892869199218e-10,1.95533165720359e-08,6893.81708135367,6090.16523034348,607.285360087895,352.492865532816
"41","IL2RA",8091.35762612771,3.32108768622193,0.536379924881069,6.19167036678024,5.95299466884861e-10,1.96158434088158e-08,13572.5584645081,15849.593299235,1324.11269968532,1619.16604108249
"42","LMO2",1012.84567521585,4.14123785511676,0.67813654422296,6.10679057248268,1.01654483030507e-09,3.26988587081465e-08,1555.38187042112,2279.84471419633,74.9497754538858,141.206340792078
"43","SCARB1",2212.95977106526,3.30430968652718,0.54191087651062,6.09751497848452,1.0773002799336e-09,3.38472715858209e-08,4335.69818091747,3702.7640369778,382.436033726238,430.940832639526
"44","ATP6V0A2",6681.4009379324,3.17201290283839,0.522839799920855,6.06689258032489,1.30408714445069e-09,3.90514723894911e-08,12611.1273632862,11445.0673162014,1404.82784248181,1264.58122976016
"45","GLDC",725.573485558195,7.1000482510059,1.17062983536812,6.0651523107415,1.3182866178703e-09,3.90514723894911e-08,1157.99034858276,1724.43010864966,0,19.8734850003665
"46","NKG7",159.580705071145,10.2567741524216,1.69148419505277,6.06377179427418,1.32965783117438e-09,3.90514723894911e-08,259.230311736853,379.092508547727,0,0
"47","FUT7",347.764922588871,4.47320283069108,0.753725236174739,5.93479243629045,2.94217476151791e-09,8.45718745278872e-08,873.121874146653,458.437452197251,24.9832584846286,34.5171055269523
"48","AHRR",1856.49953653074,3.67230483437812,0.62160925548397,5.90773834523902,3.46836315673616e-09,9.76199713489697e-08,3464.000649143,3420.64868177949,347.843829670598,193.504985529884
"49","CNTNAP2",564.392182066958,-4.76840248767749,0.808063996169829,-5.9010208477044,3.61259249145663e-09,9.96043358358756e-08,25.6381626992492,54.6598500696723,678.391557313377,1498.87915818554
"50","C10orf128",3742.33761148759,3.39286234492739,0.577470083232953,5.87539067986437,4.21847278099239e-09,1.11748171120014e-07,5762.88923784235,7904.5196084626,747.575965424656,554.365634220749
"51","CACNA1D",151.1194626964,7.87024399237271,1.33939619118719,5.87596414276558,4.20389322329518e-09,1.11748171120014e-07,299.111898157907,303.274006838182,0,2.09194578951226
"52","CHDH",269.815575403658,6.5318007896933,1.11265888340981,5.87044321227744,4.34631639619927e-09,1.12920643293562e-07,613.8915624098,454.911010257272,0,10.4597289475613
"53","XIRP1",196.529921366733,6.55206759185616,1.12233825735129,5.83787244971848,5.28716074057442e-09,1.34772720009737e-07,454.365216725583,324.432658478055,0,7.32181026329292
"54","MIR155HG",10146.2448408706,3.5912584441004,0.615937862789925,5.8305531467632,5.52439399211589e-09,1.38212153395344e-07,23296.5438393844,14179.823040655,1276.06797183026,1832.54451161274
"55","VMP1",7185.57731643909,3.17153543918682,0.544667461391952,5.82288398701411,5.7840707617856e-09,1.42077810894043e-07,14847.3448876096,11023.6575043739,1416.35857716702,1454.94829660578
"56","LMNA",5973.65978964423,3.68308456683242,0.634764937015961,5.80228105248954,6.54187874007356e-09,1.57708539660261e-07,14629.420504666,7539.53286767479,805.229638850722,920.456147385395
"57","ZBTB8A",150.962061294703,6.92663934941836,1.19436453147785,5.79943490187848,6.65387621068459e-09,1.57708539660261e-07,236.440833781965,363.223519817822,0,4.18389157902452
"58","SLC30A4",5539.98547755802,3.79815172493347,0.655459013320776,5.79464413143203,6.84662029667247e-09,1.59479034841457e-07,7125.9848880191,13548.5899333988,601.519992745289,883.84709606893
"59","GFI1",310.675529856367,6.49205495096354,1.12740924103586,5.75838365933446,8.49231655895858e-09,1.94459655443272e-07,706.473816601533,523.67662808686,0,12.5516747370736
"60","PALLD",921.710503756267,4.81164400658123,0.837369105108698,5.7461446538043,9.13012074289248e-09,2.05579885394129e-07,900.184379218083,2660.70044371405,42.2793605124484,83.6778315804905
"61","DPEP2",651.537802939174,-3.73718180697903,0.651166362397162,-5.73921200908046,9.51180842469022e-09,2.10663166914041e-07,88.3092270751917,93.4507114094397,1525.90055667655,898.490716595516
"62","LINC00152",1220.61553877296,3.65312832043362,0.637751682443124,5.72813592029906,1.0154019781901e-08,2.21259366537874e-07,2827.31960877831,1696.21857312983,151.821340021974,207.102633161714
"63","SDF2L1",517.344541199926,3.44904931287872,0.602958810256619,5.72020717536378,1.06394242463745e-08,2.28156542172253e-07,960.006758849664,936.270335064386,76.871564568088,96.229506317564
"64","PDE7B",377.185107276045,-3.96893051945997,0.6998878307507,-5.67080944271155,1.42124411244444e-08,3.00015749361319e-07,32.7598745601517,58.1862920096511,632.268618572524,785.525643961854
"65","ZNRF1",240.128649749854,6.8607454766799,1.21223712287691,5.65957381374185,1.5174937045668e-08,3.15405229979961e-07,254.957284620311,698.235504115813,0,7.32181026329292
"66","SLC25A19",2742.66206672435,3.14801423986157,0.557126743680302,5.65044538890061,1.60032643736097e-08,3.27581972253738e-07,4864.12920099644,4995.20500798005,466.994754751135,644.319303169777
"67","CRELD2",1194.44692630333,3.19385561625116,0.568270800504298,5.6203056947794,1.90619868814595e-08,3.84369317564953e-07,1985.53326681963,2322.16201747608,207.553224333838,262.539196583789
"68","STK38L",5112.05476770706,3.12736100638568,0.55755278732004,5.60908505438168,2.03399049323554e-08,4.04106052406061e-07,10693.9625303313,7654.1422307241,1112.71589712307,987.398412649787
"69","RHOF",11746.6529541228,3.08898377574976,0.552704883023749,5.58884835402663,2.28580453992635e-08,4.47553903397173e-07,21430.655331828,20615.5795811164,2040.94003928274,2899.43686426399
"70","C17orf96",596.088400573004,4.11777991583263,0.737813893288067,5.58105499678483,2.3906402985986e-08,4.61393577629531e-07,1123.80613165042,1131.98786273321,36.5139931698418,92.0456147385395
"71","RRAGD",1831.87220143403,4.0507097597102,0.727979361486508,5.56431950411176,2.63177369101654e-08,5.00778345994838e-07,2623.6386495565,4288.15339901429,124.916292423143,290.780464742204
"72","MTHFD2",10628.9490191239,3.26388052183613,0.588104920449446,5.54982692432124,2.85952546000104e-08,5.36558180064085e-07,17707.4243709481,20800.7177829653,1529.74413490495,2477.90978767727
"73","ALOX15",133.366896238739,6.75266403870211,1.21821349993066,5.54308751223529,2.97184238619461e-08,5.42562035641745e-07,324.750060857156,204.533632518774,0,4.18389157902452
"74","NDFIP2",439.492545079971,3.53502178079575,0.637614961822558,5.54413241918171,2.95415215012492e-08,5.42562035641745e-07,903.033063962444,715.867713815708,59.5754625402682,79.4939400014659
"75","LCP2",822.553169318923,3.53103032285905,0.637748646123172,5.53671159370377,3.08203438824362e-08,5.55177127802283e-07,1139.47389774441,1888.40965885868,144.134183565165,118.194937107443
"76","SEMA4C",195.134085968821,4.46752977401857,0.807391506660257,5.5332880481965,3.14282704882592e-08,5.58678860916293e-07,414.483630304529,331.485542358012,23.0614693704264,11.5057018423174
"77","PARM1",2160.68511392093,3.03890542262918,0.551912226369901,5.50613897904928,3.66789007002294e-08,6.43547985013117e-07,3365.72102546255,4339.28680714398,490.056224121561,447.676398955624
"78","SLC41A1",4945.93304690367,3.20377228609304,0.582961145909083,5.49568750606356,3.89191161581447e-08,6.74099050380173e-07,9892.05777479365,7955.6530165923,768.71564568088,1167.30575054784
"79","FES",1274.71616813521,3.67900143502912,0.674388006875734,5.45531859629739,4.88851155933012e-08,8.35997356538607e-07,1539.71410432713,3189.66673471087,197.944278762827,171.539554740005
"80","ENPP3",142.654366550355,6.29797165996705,1.15524694405898,5.45162373495579,4.99119746712083e-08,8.4288847226003e-07,303.384925274449,260.956703558435,0,6.27583736853678
"81","FADS1",1528.9559595128,3.39930177805465,0.62431746858907,5.4448288716587,5.18552140962934e-08,8.64893756099906e-07,3226.13547298886,2359.18965784585,328.625938528576,201.872768687933
"82","CHSY1",5638.83732247403,3.1559707798121,0.579971097635358,5.44160009469358,5.28041093165597e-08,8.69979898617954e-07,8424.98513144772,11855.8978022089,962.816346215303,1311.65001002419
"83","CXCL8",151.540968741232,-6.91779880316304,1.28409974550017,-5.38727527001299,7.15338332637481e-08,1.16436396071474e-06,0,5.28966290996828,384.35782284044,216.516389214519
"84","HLX",1312.23082893334,5.41249566633068,1.00716081055426,5.37401337463886,7.7003142254657e-08,1.23846720459573e-06,1961.31944649256,3168.508083071,13.4525237994154,105.643262370369
"85","BUB1",530.771725740366,3.21888637150813,0.600317569325356,5.3619726224664,8.23180184626442e-08,1.30837226991803e-06,951.460704616581,966.245091554206,90.3240883675034,115.057018423174
"86","AHR",7554.96719783675,3.19424949595169,0.5960151409568,5.35934286975306,8.35252035539469e-08,1.31212267443468e-06,17089.2597814218,10154.3895661691,1400.9842642534,1575.23517950273
"87","MYO1G",13514.8721772667,3.11078682312604,0.581158731819144,5.3527317973674,8.66362139011736e-08,1.34535086184466e-06,28035.330911629,20414.5723905376,3307.39906554199,2302.18634135824
"88","SPRY1",491.589920954276,-3.68783523436508,0.703231180711369,-5.24412929278046,1.57022065646079e-07,2.41064557599833e-06,55.5493525150399,86.397827529482,670.704400856568,1153.70810291601
"89","GPR82",234.524263278726,4.81051972707957,0.917949334355657,5.2405067981843,1.6013618793471e-07,2.43083134718868e-06,643.802752225591,262.719924528425,9.608945571011,21.9654307898787
"90","C16orf74",385.45546069777,-3.37145664736778,0.645602957078753,-5.22218278339842,1.76826298778981e-07,2.65435921833781e-06,74.0658033533866,61.71273394963,599.598203631087,806.445101856977
"91","GNA15",276.779235968937,6.45937954815041,1.24007553925019,5.20885973773506,1.90004674268116e-07,2.8208386256728e-06,286.292816808283,809.318425225147,0,11.5057018423174
"92","EPHB1",493.237199351693,3.70049645270917,0.711685697106017,5.19962178213892,1.99694453237288e-07,2.93246963395191e-06,1159.41469095494,671.787189565972,88.4022992533013,53.3446176325627
"93","METRNL",1206.1198171695,3.24813856998979,0.629545115961687,5.15950086441059,2.47609080715977e-07,3.59698782846543e-06,1807.49047029707,2556.67040648467,282.502999787724,177.815392108542
"94","ADAM12",115.217218102397,-4.95405974643257,0.961847804480624,-5.15056511368516,2.59702747336805e-07,3.7152837345561e-06,5.69736948872204,8.81610484994714,274.815843330915,171.539554740005
"95","ST8SIA4",12736.116721237,3.02341391642311,0.587133446193136,5.14944930496869,2.61252372156055e-07,3.7152837345561e-06,23461.7675545574,21904.4941101787,2102.43729093721,3475.76792927462
"96","DDIT4",5826.43092791453,3.20671739303473,0.623315491469196,5.14461366181721,2.68071909536061e-07,3.7725536435752e-06,10366.3637847298,10660.4339845561,1491.30835262091,787.617589751366
"97","HIST1H3C",523.719100623052,3.62768033025952,0.705722492163537,5.14037793968862,2.74186394402395e-07,3.8188228746148e-06,1210.69101635343,728.210260605634,57.653673426066,98.3214521070763
"98","RNASE6",319.664663174238,-3.6846700147502,0.719562382463075,-5.12070962094698,3.04388049809384e-07,4.19620668665794e-06,58.3980372594009,33.5011984297991,689.92229199859,496.837125009162
"99","DNAH7",330.613876831208,6.19978141877666,1.22157691167558,5.07522805933905,3.87031514397377e-07,5.26443365572688e-06,863.15147754139,442.568463467346,0,16.7355663160981
"100","WNT11",71.5851498903916,9.10064702501443,1.79360684902912,5.0739363701363,3.89669404568977e-07,5.26443365572688e-06,145.282921962412,141.057677599154,0,0
"101","MREG",1447.07973929785,3.49381871256318,0.693382365822823,5.03880526066904,4.68446815284757e-07,6.26605591534363e-06,3697.59279818061,1618.63685045029,244.06721750368,228.022091056837
"102","AP1B1",30631.51431219,2.6605503596097,0.528974691139567,5.02963639692873,4.91410824322199e-07,6.50878454567932e-06,46932.0811633478,58861.6056411571,8565.41408199921,8166.95636225587
"103","GLIPR1",1531.23583769729,-2.80240121303895,0.557480441132128,-5.02690499302155,4.98459145035508e-07,6.53804179556283e-06,434.424423515056,333.248763328002,2636.69466468542,2720.5754992607
"104","IER3",784.875640102235,3.27149297326344,0.656308075034125,4.9846910280562,6.20609042729501e-07,8.0569372526963e-06,1170.80942993238,1675.05992148996,109.541979509525,184.091229477079
"105","IL6",1800.35749845822,3.37849684489587,0.678009936508222,4.98296066617439,6.26186833111112e-07,8.0569372526963e-06,3577.94803891744,2990.42276510207,434.324339809697,198.734850003665
"106","CLCN5",2101.69258958293,3.44360747867214,0.694938137048582,4.9552719804632,7.22291823497686e-07,9.2058137126922e-06,3147.79664251893,4552.6365445127,221.005748133253,485.331423166845
"107","ABCB1",810.014826843803,-3.87276300241859,0.792740780901664,-4.88528292692815,1.03280437796241e-06,1.30403618189459e-05,76.9144880977476,130.478351779218,822.525740878542,2210.1407266197
"108","PLXND1",582.312679375922,-2.85249466653937,0.590342390583548,-4.831932641191,1.35214006351687e-06,1.69142706093638e-05,150.980291451134,132.241572749207,932.067720388068,1113.96113291528
"109","GJB2",60.2592388938923,8.85232990993546,1.83435002778523,4.82586735129481,1.39395268183399e-06,1.69660366951146e-05,128.190813496246,112.846142079323,0,0
"110","GPRIN1",508.962046876696,3.24022826903096,0.671159577089601,4.827806053341,1.38045436332529e-06,1.69660366951146e-05,863.15147754139,976.824417374143,126.838081537345,69.0342110539046
"111","PHGDH",3308.65189476334,3.67942143157895,0.762165432014243,4.8275889682572,1.38195955719977e-06,1.69660366951146e-05,6101.88272242131,6173.03661593299,726.436285168432,233.251955530617
"112","SREBF1",2486.92208131902,3.16134067594846,0.65728813582006,4.80967250687438,1.51177778084452e-06,1.82358194814371e-05,3540.91513724075,5407.79871495757,353.609197013205,645.365276064533
"113","PANX2",168.866369606386,3.79441208888867,0.794101869244896,4.77824349223197,1.76833162798695e-06,2.11417347735431e-05,320.477033740615,310.326890718139,15.3743129136176,29.2872410531717
"114","CCR2",305.080471386753,5.91941512208589,1.2396147917002,4.77520529903251,1.79524013861745e-06,2.12751704146682e-05,441.546135375958,759.948238065443,0,18.8275121056104
"115","EHF",176.442764357428,3.76722752445227,0.789333323315055,4.77267006621564,1.81799479990111e-06,2.13574867362296e-05,376.026386255655,282.115355198308,17.2961020278198,30.3332139479278
"116","B3GNT5",239.036978177383,5.81436722274068,1.22153507037136,4.75988562569312,1.93702695789866e-06,2.19909531102612e-05,360.358620161669,580.099699126522,0,15.689593421342
"117","BLOC1S6",10318.2525903226,2.81923519294414,0.592238603463443,4.76030298676429,1.93302546743886e-06,2.19909531102612e-05,13769.117711869,22382.3269930458,2309.99051527105,2811.57514110448
"118","BMP8A",411.406107738371,5.95380682692005,1.25032149156001,4.76182075339003,1.91854057581998e-06,2.19909531102612e-05,851.756738563945,768.76434291539,0,25.1033494741471
"119","FAM45A",884.91179865333,3.05826185711844,0.641959603150511,4.76394751649415,1.89841901726626e-06,2.19909531102612e-05,1232.05615193614,1928.96374116843,153.743129136176,224.884172372568
"120","DUSP5",3323.05265392517,3.15626728635866,0.663812233857879,4.7547591402698,1.98683144523019e-06,2.21835477893057e-05,5298.5536245115,6654.3959407401,432.402550695495,906.858499753565
"121","FAM69B",129.968436009934,-4.08715213223078,0.859472705777606,-4.75541818228298,1.98036053026854e-06,2.21835477893057e-05,11.3947389774441,17.6322096998943,292.111945358735,198.734850003665
"122","ABCG1",248.011779136501,-3.47636677592268,0.732446028647551,-4.74624291750442,2.07229818324186e-06,2.29481544718013e-05,49.8519830263179,31.7379774598097,372.827088155227,537.630067904651
"123","LRP5",598.706637183996,3.65046311988785,0.771281656522621,4.73298319623758,2.21243811553994e-06,2.43008446674346e-05,1365.94433492111,853.398949474883,49.9665169692572,125.516747370736
"124","MANF",2295.8849669456,3.2786725185605,0.697694553853456,4.69929498582434,2.61061143825491e-06,2.83483154718445e-05,4019.4941742934,4307.54882968417,249.832584846286,606.664278958556
"125","SLC22A4",55.5798205253259,8.73591994346387,1.86000930527192,4.69670765554946,2.64388434452436e-06,2.83483154718445e-05,125.342128751885,96.9771533494185,0,0
"126","TREML2",2772.54410004233,2.68389236036239,0.57140417999582,4.697012122631,2.63994788951875e-06,2.83483154718445e-05,4570.71467232726,5026.94298543986,603.441781859491,889.076960542711
"127","SPINT2",5462.35014362326,4.19622226065013,0.898062317284634,4.67252904379482,2.97513429680369e-06,3.16488695667858e-05,8637.21214490262,12083.3533073375,186.413544077613,942.421578175274
"128","CYP1A1",164.321520504714,5.83049935789997,1.2523324120699,4.6557122547544,3.22862591665848e-06,3.40771376047313e-05,445.8191624925,201.007190578795,0,10.4597289475613
"129","SNORD3A",5530.08302735441,4.17855120419081,0.898048768618775,4.6529223692579,3.27263480583833e-06,3.42738730440898e-05,10815.0316319666,10149.0999032591,184.491754963411,971.708819228445
"130","ITK",87.6602492958626,5.85090552262635,1.25851575030646,4.64905228337556,3.33463684192575e-06,3.46545721033976e-05,163.799372800759,181.611759908911,0,5.22986447378065
"131","NLGN4X",201.151991006711,6.8512201311946,1.4837085473079,4.61763204345335,3.88143701769954e-06,4.00291710756647e-05,760.598826744393,37.027640369778,3.8435782284044,3.13791868426839
"132","SESN2",1581.78060775102,3.10604492964874,0.674406412258941,4.60559815741515,4.11281926209943e-06,4.2094081993154e-05,1938.52996853768,3730.97557249763,263.285108645702,394.331781323061
"133","MIR21",324.691360291581,3.71297655085833,0.808570726586377,4.59202445596043,4.38966913055366e-06,4.42570372789402e-05,639.529725109049,565.993931366606,69.1844081112792,24.057376579391
"134","RNF19A",11225.2651961403,2.48152030557018,0.540325208156645,4.59264211276769,4.37669269940428e-06,4.42570372789402e-05,16701.8386561887,21380.8174820918,3157.49951463422,3660.90513164646
"135","PPP1R14A",626.578384328424,3.33500219611865,0.729763260911868,4.56997820354979,4.87774942908749e-06,4.88136257681274e-05,771.993565721837,1507.55392934096,144.134183565165,82.6318586857343
"136","PSAT1",4882.81866126107,3.13247820822428,0.689498363901579,4.54312638321419,5.542599815195e-06,5.50592084582973e-05,5509.35629559422,12023.4037943579,807.151427964924,1191.36312712723
"137","RAB19",201.995460872688,3.66476800889885,0.80844095840687,4.53313005827997,5.81160063647117e-06,5.73100179552741e-05,346.115196439864,403.777602127579,17.2961020278198,40.7929428954891
"138","ID2",1006.44030238663,3.68744387690046,0.81728277015002,4.5118336169299,6.4269596004521e-06,6.29190030450057e-05,2408.56295135724,1325.94216943205,219.083959019051,72.172129738173
"139","DFNB31",879.110667191406,-2.87263536462321,0.640766746553994,-4.48312179131029,7.35589180014035e-06,7.14950346905728e-05,226.470437176701,195.717527668826,1969.83384205726,1124.42086186284
"140","KANK2",92.3800513795191,-4.65085258450539,1.04203474454796,-4.46324137351387,8.07290245938108e-06,7.79035087330275e-05,7.12171186090255,7.05288387995771,109.541979509525,245.803630267691
"141","KCNA6",546.0920699327,3.09168571168535,0.694488839891212,4.45174282738603,8.51761399812757e-06,8.16120319962436e-05,723.5659250677,1230.72823705262,142.212394450963,87.861723159515
"142","GPR155",1098.04263945557,-3.34038224331401,0.753689611893389,-4.43203964948175,9.33458467878013e-06,8.8810027472056e-05,200.832274477452,193.954306698837,1055.06222369701,2942.321752949
"143","LDLR",2190.44662431626,3.45531666815007,0.780140766934578,4.42909384382913,9.46298429971902e-06,8.94020404819608e-05,2529.63205299259,5501.24942636701,215.240380790646,515.664637114772
"144","AUH",1156.92238249475,2.70731217875513,0.611934051527047,4.42418945636246,9.68050410347223e-06,9.08219516929929e-05,1944.2273380264,2070.02141876759,230.614693704264,382.826079480744
"145","APOL1",793.721476246753,3.07795311425265,0.697652795991866,4.41186953157217,1.02481863674811e-05,9.48308204278558e-05,1506.95422976698,1332.99505331201,103.776612166919,231.160009741105
"146","RASAL1",1265.50163793602,2.7789203346248,0.62971251137662,4.41299844678292,1.01948728178771e-05,9.48308204278558e-05,2824.47092403395,1593.95175687044,303.642680043948,339.941190795743
"147","INSM1",44.6603007808516,8.42011679227408,1.91781730380272,4.39046867268242,1.13106610368017e-05,0.000103950360957273,94.0065965639137,84.6346065594925,0,0
"148","CDK6",9834.05466315338,3.38815520515582,0.772714702219154,4.3847427717182,1.161229132664e-05,0.000106001389069531,12917.360973305,22990.6382276921,903.240883675035,2524.9785679413
"149","PLD4",829.437283120097,-2.65163686210585,0.606212134133165,-4.3741072024193,1.2193045323838e-05,0.000110555733104061,227.894779548882,227.455505128636,1729.61020278198,1132.78864502089
"150","MIR4435-2HG",344.746243104269,3.67153899347004,0.844375718541007,4.34822900854382,1.37241258738011e-05,0.000123608627036702,801.904755537628,477.832882867135,24.9832584846286,74.2640755276853
"151","FLJ23867",446.471004507815,3.74725105581384,0.884279823749304,4.23763039161708,2.25891234215848e-05,0.000202105336043451,682.259996274465,978.587638344132,99.9330339385145,25.1033494741471
"152","HSPA5",20585.8427659907,2.95190693076705,0.703475740037918,4.19617445600603,2.71461179990619e-05,0.00024127898300482,34160.0031120052,38760.8865832776,2653.99076671324,6768.49060196692
"153","STRIP2",93.1585613259686,5.30398662588148,1.26649740826526,4.18791747323543,2.81525843764558e-05,0.000246974944757089,180.891481266925,183.3749808789,0,8.36778315804905
"154","TCL6",281.963238908441,-2.96195540337997,0.707241613106491,-4.18803892261071,2.8137526807959e-05,0.000246974944757089,68.3684338646645,59.9495129796405,370.905299041025,628.629709748435
"155","DTL",246.044768005377,4.11118238602653,0.984151494955377,4.17738773664408,2.94876120628137e-05,0.000253743719088289,420.180999793251,511.334081296934,7.6871564568088,44.9768344745136
"156","F5",490.638322167923,3.62345194323656,0.867391816626343,4.17741080072638,2.9484623154733e-05,0.000253743719088289,850.332396191765,966.245091554206,28.826836713033,117.148964212687
"157","SLFNL1-AS1",245.740920030632,4.02881613464443,0.963832129236818,4.17999775317153,2.91511976056601e-05,0.000253743719088289,571.161291244385,356.170635937864,9.608945571011,46.0228073692697
"158","AIFM2",615.17562589358,2.99925118540994,0.718823073426108,4.17244701274639,3.0134569321828e-05,0.000257669640213859,1318.94103663915,869.267938204788,88.4022992533013,184.091229477079
"159","RGL1",562.645582133865,3.05486588370612,0.735174863270573,4.15529153175333,3.24873039439199e-05,0.000276039922190162,1126.65481639478,883.373705964703,71.1061972254814,169.447608950493
"160","CECR1",1330.24492638595,-2.55091648194202,0.614673095329474,-4.15003764004782,3.3242060599316e-05,0.000280687649185474,317.628348996254,458.437452197251,1841.07397140571,2703.8399329446
"161","ABCA1",750.203511256968,-3.79053147513673,0.915456167286826,-4.14059308417887,3.46408999052595e-05,0.000290682333987612,37.0329016766933,165.742771179006,991.643182928336,1806.39518924384
"162","POLR2L",1608.69835530738,3.04043350772535,0.737769828794122,4.12111391529104,3.77044922383787e-05,0.000314436845765739,2944.11568329712,2794.70523743324,184.491754963411,511.480745535748
"163","SLC31A1",1019.03534550608,2.28785259198331,0.556592963689121,4.11045906297366,3.94873285264545e-05,0.000327284545026012,1535.44107721059,1847.85557654892,349.765618784801,343.079109480011
"164","PDE3B",1547.28807178143,-2.34868362655958,0.57283500257663,-4.10010494469635,4.12962827801353e-05,0.00034019071973148,472.88166756393,543.072058756744,2163.93454259168,3009.26401821339
"165","ZBTB16",197.603557811637,-3.21657749558482,0.790535150478048,-4.06886081363961,4.72435574345929e-05,0.000386824521782636,24.2138203270687,52.8966290996828,378.592455497834,334.711326321962
"166","DUSP6",839.507150187103,4.54380216288294,1.11950419078925,4.05876297763527,4.93333554596415e-05,0.000401502188108287,1300.42458580081,1918.3844153485,128.759870651547,10.4597289475613
"167","NSUN7",354.879330255103,-3.58113503710435,0.889400592281222,-4.02645901991037,5.66231023682426e-05,0.000458070726344286,27.0625050714297,82.8713855895031,413.184659553473,896.398770806004
"168","CLSPN",251.245808917373,2.71450509312537,0.678130688934093,4.00292323798547,6.25646062825833e-05,0.000503123708855774,390.26980997746,481.359324807114,76.871564568088,56.4825363168311
"169","UBR5-AS1",202.718043532479,-2.73428692138967,0.684975677788343,-3.99180147566431,6.55732577982431e-05,0.000524198054943352,51.2763253984984,54.6598500696723,378.592455497834,326.343543163913
"170","GPR146",95.3267354706511,-4.01574586739322,1.00653878396296,-3.98965835333473,6.6168532650054e-05,0.000525845221236606,9.97039660526358,12.342546789926,103.776612166919,255.217386320496
"171","MGAT1",7982.74240895395,2.2459365208861,0.56433089930347,3.97982198681335,6.89668916693386e-05,0.000544878775703371,12903.1175495832,13469.2449897492,2229.27537247455,3329.33172400876
"172","MRC2",46.8617885487668,6.21329866627601,1.57058665425663,3.95603684103428,7.62034143163856e-05,0.00059855123686882,95.4309389360942,89.9242694694608,0,2.09194578951226
"173","FCGBP",578.659015570589,-2.73384888078388,0.691911286806117,-3.95115520286338,7.77748639953308e-05,0.000607363244264115,189.437535500008,112.846142079323,757.184910995667,1255.16747370736
"174","ITGAX",961.935902831703,3.53167802912504,0.895323919238554,3.94458134451342,7.9939515032326e-05,0.000617133056049557,625.286301387244,2916.36748436251,146.055972679367,160.033852897688
"175","LINC00996",54.1439398236128,-5.04720074886739,1.27937027450396,-3.94506645140266,7.9777851771819e-05,0.000617133056049557,2.84868474436102,3.52644193997886,142.212394450963,67.9882381591485
"176","NOP16",581.314478770348,3.28882814273085,0.835123233198384,3.93813513023124,8.21173467104387e-05,0.000630343951169333,1110.9870503008,999.746289984005,46.1229387408528,168.401636055737
"177","CLEC4A",328.472624343264,3.23152121545023,0.824898127799728,3.91747914869167,8.94797828791353e-05,0.000682978455761083,407.361918443626,781.106889705316,36.5139931698418,88.9076960542711
"178","AMIGO2",1182.96936965772,3.10386937362491,0.793404920925639,3.91208737400284,9.15017924898516e-05,0.000691998122938968,1787.54967708654,2452.64036925529,117.229135966334,374.458296322695
"179","MEGF6",423.870010651666,-2.94773193074776,0.753586871477728,-3.91160202269379,9.1685909701018e-05,0.000691998122938968,125.342128751885,68.7656178295877,987.799604699931,513.57269132526
"180","ORC1",197.413830928649,2.72076561063449,0.702974874171955,3.87035968225653,0.000108674894177048,0.000815665455739951,303.384925274449,382.618950487706,46.1229387408528,57.5285092115872
"181","MAOA",46.1409677606154,7.07885007784683,1.8405154182741,3.84612375835724,0.000120001168033305,0.000895699326038644,51.2763253984984,132.241572749207,0,1.04597289475613
"182","ASCL1",61.4393872465062,7.50248484736097,1.95376774026785,3.84000856024596,0.000123030020410777,0.000913261305356924,216.500040571438,28.2115355198308,0,1.04597289475613
"183","DLK2",46.9656138914418,4.7161338863385,1.22876691312563,3.8381029273827,0.000123988512152967,0.000915346884801409,106.825677913538,74.055280739556,3.8435782284044,3.13791868426839
"184","ROMO1",572.298186699604,3.85211652327165,1.00454046529817,3.83470517748455,0.00012571499433273,0.000923048681214776,1082.50020285719,1059.69580296365,17.2961020278198,129.70063894976
"185","FKBP15",4410.72950505635,2.12600009875701,0.554687615213199,3.83278811433326,0.00012669907614547,0.000925245685797458,7022.00789484992,7333.23601418603,1368.31384931197,1919.3602618775
"186","SERPINB9P1",908.805271258288,-2.80731956967397,0.733101114698509,-3.82937566645017,0.000128468769393007,0.000933125308870712,148.131606706773,306.80044877816,1128.09021003669,2052.19881951153
"187","KCP",162.565726018943,5.47100754594827,1.43254662145306,3.81907818148279,0.000133951306816494,0.000962596891005764,525.582335334609,111.082921109334,0,13.5976476318297
"188","MCM10",121.73238580522,5.03129126836115,1.31697125331189,3.82035010689001,0.000133262373921945,0.000962596891005764,300.536240530088,172.795655058964,0,13.5976476318297
"189","GPR15",40.6268562708882,8.28505676945345,2.1705036860875,3.81711250828969,0.000135022608954006,0.000965161612152708,139.58555247369,22.9218726098626,0,0
"190","C1orf216",743.605504166691,3.27224759268423,0.860148720244666,3.8042811849484,0.000142216561662412,0.00100019026208765,1397.27986710908,1299.49385488221,53.8100951976616,223.838199477812
"191","CCR5",43.7363022834671,4.89480916713993,1.28725979347557,3.80250295390963,0.000143241558118731,0.00100019026208765,82.6118575864696,86.397827529482,3.8435782284044,2.09194578951226
"192","FLT1",2706.20352637638,6.04239609446638,1.58815000977432,3.80467591680777,0.000141989971668733,0.00100019026208765,4136.2902488122,6527.44403090086,0,161.079825792444
"193","GAS7",2873.16126854653,2.24942059993192,0.590873749075095,3.80693947472362,0.000140697161116727,0.00100019026208765,3748.8691235791,5746.33714119554,1114.63768623728,882.801123174174
"194","ZNF521",43.431068634796,-5.17620680736737,1.36149993020463,-3.80184140486103,0.000143624656435977,0.00100019026208765,2.84868474436102,1.76322096998943,86.480510139099,82.6318586857343
"195","OSM",82.0510799606248,5.12871741039741,1.35353643019009,3.7891240279932,0.000151179425686825,0.00104740207232257,108.250020285719,211.586516398731,0,8.36778315804905
"196","VLDLR",103.606250132619,5.3172912529086,1.40916484148985,3.77336355290192,0.00016106132248448,0.00111017268712517,91.1579118195527,313.853332658118,0,9.41375605280518
"197","SAMSN1",6152.32981937365,2.16601955786998,0.57698763357428,3.75401383293448,0.000174025253429761,0.00118957336235595,9765.29130366958,10360.6864196579,1744.9845156956,2738.35703847155
"198","SMAD6",35.2728307568799,-7.91476207572846,2.10860213296718,-3.75355879233175,0.000174341617873041,0.00118957336235595,0,0,107.620190395323,33.4711326321962
"199","SHANK2",29.0613626678108,7.80015003421057,2.08143076864988,3.74749434460899,0.000178609862538416,0.00121257248386633,59.8223796315814,56.4230710396617,0,0
"200","SLC47A1",28.9766430183586,7.79604372940635,2.08365292474536,3.74152702536057,0.000182905504023503,0.00123552667967876,61.246722003762,54.6598500696723,0,0
"201","C19orf70",1083.4508343565,2.98070216292809,0.797146751053526,3.73921383859212,0.000184596651816094,0.00124074664976887,1843.09902960158,2004.78224287798,111.463768623728,374.458296322695
"202","THBS1",862.088704739733,-2.85626969913256,0.767047336746621,-3.72372024814952,0.000196308446869195,0.00131293421643704,168.0723999173,250.377377738499,2200.44853576152,829.456505541612
"203","ITPRIPL2",1437.06194049032,3.41592226072753,0.917876826659612,3.72154755574225,0.000198005565704647,0.00131776117865506,2330.22412088732,2926.94681018245,76.871564568088,414.205266323428
"204","HIST1H2BO",305.8435807634,2.31801435840586,0.623625003956589,3.71700035069027,0.000201602163647926,0.00133512021121739,534.128389567692,484.885766747093,101.854823052717,102.505343686101
"205","LY75",5580.27445693623,3.35774761944338,0.906069113982189,3.70584050115783,0.000210690863806336,0.00138850418049932,7463.55403022588,12875.0395228628,338.234884099587,1644.26939055664
"206","POU2AF1",26205.4549952692,2.15522106854204,0.58204807249936,3.70282313501589,0.000213213528991181,0.00139830814401498,35460.427697806,50144.2411655293,7956.20693279711,11260.9441849445
"207","CASC5",523.564970859882,2.46527484157131,0.667361190476082,3.694063839422,0.00022069835545814,0.00144040327644419,762.023169116573,1012.08883677393,117.229135966334,202.918741582689
"208","LINC00884",65.9722189927395,4.99050745233996,1.35154817047894,3.69243772537646,0.000222114740379591,0.0014426779531386,129.615155868426,126.951909839239,0,7.32181026329292
"209","HRH1",30.0607914660013,7.84742243873799,2.12896455096323,3.68602776179974,0.000227781514318197,0.00147240586528174,35.6085593045128,84.6346065594925,0,0
"210","ZNF704",172.63223719147,-3.1049549320824,0.843978943160377,-3.67894834017486,0.00023419769637948,0.00150667184670799,38.4572440488738,33.5011984297991,184.491754963411,434.078751323794
"211","ESR2",911.01857475325,-2.38258627641812,0.648593554361575,-3.67346585607585,0.000239282663615773,0.00153208947177682,383.148098116557,202.770411548784,1562.41454984639,1495.74123950127
"212","SH3RF3",125.100018807887,5.07809965275256,1.38567234670867,3.66471891050893,0.000247610375683775,0.00157793215824896,125.342128751885,361.460298847833,0,13.5976476318297
"213","BHLHE40-AS1",126.599582089609,3.0238860801844,0.826820982507135,3.6572440034301,0.000254941668510445,0.00161702438571649,206.529643966174,245.08771482853,19.217891142022,35.5630784217084
"214","EBI3",2970.42647210578,2.15821343289496,0.59190225480089,3.64623282879867,0.000266112880870925,0.00167999300026458,5359.80034651526,4348.10291199393,847.508999363171,1326.29363055077
"215","FAM177B",254.621059799205,-4.36634608798524,1.2046644776314,-3.6245329459455,0.000289484117975466,0.00181061594159655,24.2138203270687,22.9218726098626,74.9497754538858,896.398770806004
"216","SELK",1737.40466479059,2.96710812632625,0.818586615002276,3.62467217512224,0.000289328218189342,0.00181061594159655,3125.00716456404,3038.02973129178,165.273863821389,621.307899485142
"217","LOC100129550",419.174731601501,-2.33250876572784,0.644763769509354,-3.61761760823318,0.000297327238498308,0.00185110183968301,159.526345684217,118.135804989292,584.223890717469,814.812885015026
"218","CD5",325.17139900067,-2.88059694727945,0.799137851505471,-3.60463084291751,0.000312596934866237,0.00193724063763434,41.3059287932348,114.609363049313,620.737883887311,524.032420272821
"219","BCL6",7777.00683810735,1.90837724659263,0.530578222092807,3.59678774425615,0.000322171162615068,0.00198504357500338,11710.9429840682,12853.8808712229,2946.10271207197,3597.10078506633
"220","MYO7A",79.0158169893592,-6.1245807721295,1.70320349707924,-3.59591838710543,0.000323249138786635,0.00198504357500338,4.27302711654153,0,282.502999787724,29.2872410531717
"221","IL10",182.689788335616,4.82292683320617,1.34289229774101,3.59144723766695,0.00032884675758843,0.00201028040498628,401.664548954904,305.037227808171,0,24.057376579391
"222","KCNH8",233.261567594798,-2.60346528878833,0.726344145615429,-3.58434125820953,0.000337930015652735,0.00205650203219299,61.246722003762,70.5288387995771,507.352326149381,293.918383426473
"223","SORL1",18848.5127412956,-2.42737132443523,0.677485822376669,-3.58291088058468,0.000339786557464101,0.00205852752974888,3888.45467605279,7930.96792301245,24673.8504372421,38900.7779288753
"224","PKP4",1643.26819711573,-2.29666682458264,0.641615724828481,-3.57950520180377,0.00034424539634693,0.00207623004671742,454.365216725583,657.681421806057,2008.2696243413,3452.75652558999
"225","CDT1",182.757078879002,4.25440142811097,1.19081566166825,3.57267842963271,0.000353348563999632,0.00212166182206001,314.779664251893,380.855729517716,1.9217891142022,33.4711326321962
"226","OCEL1",517.853913496798,3.58272745590886,1.00447331818116,3.56677214920578,0.000361405456510493,0.00216043704312246,874.546216518834,1038.53715132377,19.217891142022,139.114395002565
"227","LOC101928100",263.998710114895,5.19980781775397,1.46040607596464,3.56052190095097,0.000370118438481816,0.0022027753761627,196.55924736091,832.24029783501,0,27.1952952636594
"228","GNAI1",62.0895992508294,5.38600581901827,1.51635676822316,3.55193839067932,0.000382404386936857,0.00226591371382322,52.7006677706789,190.427864758858,0,5.22986447378065
"229","SPAG5",280.221858801337,2.30008015500425,0.655783744994979,3.50737597959501,0.000452549246549694,0.00266984293488488,461.486928586485,470.779998987177,78.7933536822902,109.827153949394
"230","AKAP6",360.003434249125,-2.38495797588912,0.68225390161545,-3.49570441479628,0.000472812143763365,0.00277725741836655,123.917786379704,107.556479169355,443.933285380708,764.606186066732
"231","LILRB1",4419.26033500461,1.99634747524818,0.571619792206238,3.49243938447798,0.000478630214589405,0.00279926155805319,7435.06718278227,6698.47646498984,2129.34233853604,1414.15535371029
"232","BCL3",2167.66378685604,2.4849161092146,0.713187915086246,3.48423754336064,0.000493541245470815,0.00287402682168565,3238.95455433848,4118.8841858953,376.670666383631,936.145740806737
"233","ACTRT3",35.1797919592225,5.81078941943147,1.66892491597546,3.48175604774596,0.000498137284685369,0.00288834107987096,76.9144880977476,61.71273394963,0,2.09194578951226
"234","LINC01478",24.2800176545559,7.54092321536337,2.16928733092451,3.47622147968271,0.000508532131807607,0.00293601243620546,51.2763253984984,45.8437452197251,0,0
"235","IGF1",64.0946184173245,3.88214680363154,1.11818823577325,3.47181867903211,0.000516945365961528,0.0029718859124001,163.799372800759,75.8185017095454,11.5307346852132,5.22986447378065
"236","LINC00926",4008.52841465625,-2.32332940255149,0.670360990195971,-3.46578848788963,0.000528679009137351,0.00302646331078204,1837.40166011286,832.24029783501,7181.72591977362,6182.74578090349
"237","SVIL",160.398998922862,4.1478949280586,1.20431499955492,3.44419435910998,0.000572763807069334,0.00326499537278764,363.20730490603,245.08771482853,1.9217891142022,31.3791868426839
"238","MIR1910",72.6218138063537,-3.89115612689627,1.13109786714289,-3.44015866348081,0.000581373256805755,0.00330014819304443,12.8190813496246,5.28966290996828,196.022489648625,76.3560213171975
"239","SLC8A1",30.5777589647759,6.48561339957805,1.89209585117641,3.42774040519439,0.000608627150514054,0.00344039866252924,68.3684338646645,52.8966290996828,0,1.04597289475613
"240","TMPRSS3",28.3505068084494,7.76621172191737,2.26695062740846,3.42584069896377,0.000612899731353025,0.00345011473774141,94.0065965639137,19.3954306698837,0,0
"241","NR1D2",2257.4774276639,-1.97789224167119,0.57801727284622,-3.42185663748737,0.000621950981961358,0.00348653849223981,911.579118195527,916.874904394502,2859.62220193288,4341.8334861327
"242","FAM111B",1202.11950225151,-2.38386972679003,0.697007506156427,-3.42014928926035,0.000625867785945488,0.0034939974331089,373.177701511294,400.2511601876,1220.3360875184,2814.71305978875
"243","MTRNR2L2",99.2921974475852,-6.46849537949933,1.89608391039992,-3.41150269986469,0.000646058615099883,0.00359187320576108,4.27302711654153,0,382.436033726238,10.4597289475613
"244","HAPLN3",565.090403644757,5.06352803368245,1.48500111405554,3.40978062962791,0.000650151516676892,0.00359981434028886,687.957365763187,1507.55392934096,0,64.8503194748801
"245","ADGRD1",28.6218727520423,7.77998357682741,2.28471607934821,3.40522993082226,0.000661083664278209,0.00364540420587698,96.8552813082747,17.6322096998943,0,0
"246","ARRDC2",3894.18540156624,-1.92273650139089,0.566778169273545,-3.39239689463571,0.000692840017992254,0.00378958244658921,1385.88512813164,1865.48778624881,5367.55699596675,6957.81169591778
"247","BMS1P5",207.231120734698,2.61194624509081,0.76970743463099,3.39342733040252,0.000690238695732754,0.00378958244658921,454.365216725583,257.430261618456,71.1061972254814,46.0228073692697
"248","GALE",565.156862257266,3.20655709444676,0.945835182854244,3.39018589345593,0.000698452442717808,0.00380487600851516,1219.23707058652,821.660972015073,34.5922040556396,185.137202371835
"249","CHRDL1",25.9744106436005,7.63620435497236,2.2541480685227,3.38762322742042,0.000705010391524448,0.00382517686325112,22.7894779548882,81.1081646195137,0,0
"250","CADM4",57.8854923241189,4.80694497004745,1.42315496759468,3.37766798381192,0.00073103287226457,0.00394992788490811,139.58555247369,84.6346065594925,0,7.32181026329292
"251","PCP2",74.7460244393015,-5.169178752936,1.53087826563311,-3.37660992972439,0.000733850406448509,0.00394992788490811,2.84868474436102,5.28966290996828,270.97226510251,19.8734850003665
"252","HBA1",102.83138459527,-6.44858753679003,1.91442824284001,-3.36841433514567,0.000756018869166334,0.00405310115969729,2.84868474436102,1.76322096998943,403.575713982462,3.13791868426839
"253","MGAT5B",256.066030447742,-2.78265620955329,0.826692477312811,-3.36601128704884,0.000762635877325314,0.00406057541346208,52.7006677706789,77.5817226795348,251.754373960488,642.227357380264
"254","PRKCE",3280.2336947257,-1.88827784458154,0.56103131721883,-3.36572627343193,0.000763424245018038,0.00406057541346208,1477.04303995119,1313.59962264212,4297.12045935612,6033.17165695336
"255","CORO2B",232.79861162575,-3.14408390544126,0.93562183518565,-3.36042168662876,0.000778235903378921,0.00410949421225119,22.7894779548882,72.2920597695665,255.597952188893,580.514956589653
"256","UNQ6494",35.9847485117398,-7.94317624882015,2.36386100550681,-3.36025520549468,0.000778705046881055,0.00410949421225119,0,0,134.525237994154,9.41375605280518
"257","RASGEF1B",2311.90385736695,-2.18758524942296,0.652063369614748,-3.35486603198616,0.000794034281110342,0.00417408682404697,649.500121714313,1015.61527871391,2761.61095710856,4820.88907193101
"258","LILRA1",22.482382694094,7.42903419320271,2.21979420891459,3.34672203547882,0.000817731623197924,0.00428199776333486,37.0329016766933,52.8966290996828,0,0
"259","XXYLT1-AS2",93.1552309233089,-2.95923624968448,0.885428571765066,-3.34215129717958,0.000831317343049557,0.00433633100563688,21.3651355827077,21.1586516398731,122.994503308941,207.102633161714
"260","ITGA5",189.84897609357,-2.2838381944575,0.685538991995558,-3.3314490074582,0.000863951267472485,0.00448922370136664,64.095406748123,65.2391758896088,338.234884099587,291.82643763696
"261","WNT10A",423.269832902234,-2.59798614355873,0.781310918818132,-3.32516298055661,0.000883668625015515,0.00457408548810713,64.095406748123,176.322096998943,793.698904165509,658.962923696362
"262","CSGALNACT1",382.52688440631,-2.10237609343385,0.633557822491659,-3.31836498390252,0.000905460849463855,0.00466478484794567,118.220416890982,171.032434088974,634.190407686726,606.664278958556
"263","SDC2",44.2720585835233,4.87990311390848,1.47093444152852,3.31755309831316,0.000908096532205559,0.00466478484794567,85.4605423308306,86.397827529482,0,5.22986447378065
"264","FAM207A",357.93349712856,2.92376509190701,0.885603401422209,3.30143841725503,0.000961904483548156,0.0049224733230059,680.835653902284,585.38936203649,32.6704149414374,132.838557634029
"265","HIST1H2AJ",296.17114913036,2.43292361250205,0.737192777434609,3.30025427130267,0.000965972652501679,0.00492463793784818,648.075779342132,350.880973027896,111.463768623728,74.2640755276853
"266","MRVI1-AS1",79.5982614570354,-4.04297531883206,1.22839358573564,-3.29127029461886,0.000997360324403158,0.00506554059499499,4.27302711654153,14.1057677599154,238.301850161073,61.7124007906117
"267","CXCL16",320.295444162343,-2.12395310325434,0.647079978626175,-3.28236566330445,0.00102940021202023,0.00520868796419225,98.2796236804552,141.057677599154,507.352326149381,534.492149220383
"268","SPTBN2",187.922321050383,2.29504164522923,0.699587517053807,3.2805640313515,0.00103599745855291,0.0052225095765111,286.292816808283,338.53842623797,55.7318843118638,71.1261568434169
"269","ELL3",3842.9164387567,1.7855823695546,0.545311203576748,3.27442817576973,0.00105876050341549,0.00531741799299006,5985.08664790251,5929.71212207445,1973.67742028566,1483.18956476419
"270","GAS6",759.40858786758,4.20642070640347,1.28718328685107,3.26792675866226,0.00108338397627928,0.00542093241464188,1113.83573504516,1766.74741192941,151.821340021974,5.22986447378065
"271","SYN3",128.052188138349,-2.47461420719801,0.758547243697476,-3.26230729563488,0.00110509278586817,0.00550915259670812,42.7302711654153,35.2644193997886,222.927537247455,211.286524740738
"272","CDH1",1328.7587299249,5.14492017847686,1.57794645303029,3.26051633032069,0.00111209563064739,0.00552368087134053,2979.72424260163,2189.92044472687,0,145.390232371102
"273","RGS2",693.240212100072,-2.36264422053506,0.725996202344684,-3.2543479055464,0.00113652999858056,0.00562436640323199,213.651355827077,238.034830948573,682.235135541781,1639.03952608286
"274","BCL7A",5460.53134542644,2.05318979176687,0.631908812493522,3.24918683071526,0.00115735436788931,0.00570651733948344,9018.93590064699,8583.35968190853,1435.57646830904,2804.25333084119
"275","HIST1H2AH",566.207591547686,2.03242959821537,0.627291094589168,3.24001028509176,0.00119525388208705,0.0058719563443622,921.54951480079,899.242694694608,171.039231163996,272.99892553135
"276","ALOX5AP",777.097956899407,-1.92859720629581,0.596034416577922,-3.23571450348233,0.0012133867880443,0.00593944040089801,282.019789691741,364.986740787812,1060.82759103961,1400.55770607846
"277","SLC24A3",64.7097177370387,3.30685400109773,1.0231033783832,3.23217972979771,0.00122849760965096,0.00599169772793663,79.7631728421086,155.16344535907,13.4525237994154,10.4597289475613
"278","CMTM3",600.081027885276,3.10524668773356,0.96369298885411,3.22223646290702,0.00127194115511292,0.0061812679876171,783.388304699281,1368.2594727118,38.435782284044,210.240551845982
"279","NDUFB2",1064.55989398798,3.02458236807594,0.94140159229878,3.21285027858335,0.00131424781178976,0.00636397417106799,1945.65168039858,1847.85557654892,67.262618997077,397.46970000733
"280","FCRL4",2603.49675085163,1.93976525900928,0.607812698209088,3.19138653194442,0.00141591714450461,0.00683180022223473,5240.1555872521,3020.39752159189,1101.18516243786,1052.24873212467
"281","SLC25A10",366.883892046519,3.62214858466318,1.13811933653689,3.18257362684373,0.00145972397188788,0.00699651215933832,693.654735251909,664.734305686014,7.6871564568088,101.459370791345
"282","SLC29A4",28.6378001485786,-5.13352289195068,1.6130790901669,-3.1824371930948,0.00146041186449549,0.00699651215933832,1.42434237218051,1.76322096998943,65.3408298828748,46.0228073692697
"283","KIAA1462",27.0500016980682,6.30902427386265,1.98957782090286,3.17103669310087,0.00151895955075353,0.00720040123883517,31.3355321879712,75.8185017095454,0,1.04597289475613
"284","MAP6",90.7331937704865,4.3940694032887,1.384844103019,3.17297044028962,0.00150887886094424,0.00720040123883517,170.921084661661,176.322096998943,0,15.689593421342
"285","TRABD2A",150.870169268729,-3.23330024690341,1.0193889826046,-3.17180222866657,0.00151496139239447,0.00720040123883517,47.0032982819569,10.5793258199366,355.530986127407,190.367066845616
"286","PCED1B-AS1",1965.61801825381,2.10828349090846,0.665385481614481,3.16851441632443,0.00153220150004786,0.00723777701596036,2798.8327613347,3584.62823198851,484.290856778955,994.72022291308
"287","ZFP36L2",5025.38246832747,-1.88202761414937,0.594978766622986,-3.16318450292183,0.00156053396153839,0.0073459281604124,1784.70099234218,2505.53699835498,6351.51302243827,9459.77886017445
"288","CDC6",132.57631208561,4.41007667128446,1.39795408774181,3.1546648848878,0.00160682553649774,0.0075375739576682,202.256616849633,305.037227808171,0,23.0114036846349
"289","MAP1A",324.512580108726,4.64341483107136,1.47280410984678,3.15277150574657,0.00161728345217701,0.00755428487311964,383.148098116557,865.741496264809,0,49.1607260535381
"290","MMAB",1326.84209058997,2.8959635425303,0.918770600804942,3.15199848579518,0.00162157114226847,0.00755428487311964,2132.24053115422,2547.85430163472,98.0112448243123,529.262284746602
"291","RBKS",290.646777402916,2.51666216416437,0.803066437195403,3.13381564413707,0.00172549226680426,0.00801079055825622,334.72045746242,654.154979866078,117.229135966334,56.4825363168311
"292","IFIT2",358.232154542014,-2.2628248927418,0.723083200746484,-3.12941151226545,0.0017515681899675,0.00810400213919897,101.128308424816,146.347340509122,409.341081325069,776.111887909049
"293","HSPE1",1776.20658744253,3.21801943823878,1.02911013339805,3.12699227595117,0.00176604567145532,0.00814309795950901,3563.70461519564,2852.89152944289,71.1061972254814,617.124007906117
"294","RAP1GAP2",145.496432828552,-2.93247808686297,0.938474589200403,-3.1247282777912,0.0017796937249714,0.00817811640284476,44.1546135375958,22.9218726098626,374.748877269429,140.160367897322
"295","AIG1",709.628368506501,2.30865080314406,0.739778375066255,3.12073302080139,0.00180401506846185,0.00822002141490113,1051.16467066922,1311.83640167213,134.525237994154,340.987163690499
"296","HIST1H2AB",164.937217669222,2.26172407739496,0.724481703364664,3.12185120326846,0.00179717746890981,0.00822002141490113,279.17110494738,266.246366468404,67.262618997077,47.0687802640259
"297","HOPX",576.032679425193,4.73521573266509,1.51806464391852,3.11924512018294,0.0018131505415548,0.00822002141490113,786.236989443642,1435.26186957139,0,82.6318586857343
"298","MTFP1",849.27465706821,3.08477851150183,0.988674715102998,3.12011469938367,0.0018078063142492,0.00822002141490113,1569.62529414292,1470.52628897118,44.2011496266506,312.745895532083
"299","RNF125",1116.1942240218,1.88239341330223,0.606003419640431,3.10624222948962,0.00189481429422631,0.00856151876755768,1341.73051459404,2170.52501405699,476.603700322146,475.91766711404
"300","SCN3A",595.182297544113,-1.9269301195991,0.622352796950917,-3.09620223294517,0.00196016624080842,0.00882728197110726,212.227013454896,283.878576168298,782.168169480296,1102.45543107296
"301","IL4R",20003.9112958628,2.29926925560924,0.746262817345435,3.08104491094447,0.00206275533183919,0.00925841346616195,25321.9586926251,41183.5521960431,3693.67867749663,9816.45561728629
"302","ANTXRLP1",110.9385188258,-3.79520093461086,1.23398050985381,-3.075576076206,0.00210096323210487,0.0093986798893168,24.2138203270687,5.28966290996828,342.078462327992,72.172129738173
"303","CCRL2",130.495972691209,2.83534024734177,0.922322562312227,3.07413085529826,0.00211116810081991,0.0094131620600914,169.496742289481,289.168239078266,17.2961020278198,46.0228073692697
"304","HECW2",117.937685158412,4.30171832365694,1.40129896330302,3.06980768294962,0.00214196648953212,0.00951906818209832,199.407932105271,250.377377738499,0,21.9654307898787
"305","B4GALNT1",36.9431640856496,4.01316979302773,1.31195880243507,3.05891449150618,0.00222140544959304,0.00979285601891541,65.5197491203035,74.055280739556,1.9217891142022,6.27583736853678
"306","CTSF",113.456862943126,-2.6614096875436,0.869704191353451,-3.06013207019488,0.00221239407795591,0.00979285601891541,19.9407932105272,42.3173032797463,172.961020278198,218.608335004031
"307","S100A11",991.013171914139,2.56067733578287,0.837263991104806,3.05838703561579,0.00222531961347671,0.00979285601891541,2357.28662595875,1033.2474884138,149.899550907772,423.619022376233
"308","PRICKLE1",1053.15870882506,-2.12301548963973,0.694399916954125,-3.05733834035004,0.00223312059051489,0.0097952789538494,286.292816808283,500.754755476997,1216.49250928999,2209.09475372495
"309","CLNK",233.603876531332,3.06203456351699,1.00354927891359,3.05120498599915,0.002279249095445,0.00996526060824011,267.776365969936,567.757152336596,17.2961020278198,81.5858857909782
"310","SDK2",784.803458350762,-2.41109163378615,0.791235651553768,-3.04724847654606,0.00230946715349968,0.0100648068528325,374.602043883474,121.662246929271,1502.83908730612,1140.11045528418
"311","MIR4496",46.4779911865749,-3.92000034789299,1.29127850676664,-3.03575125532653,0.00239937219549501,0.0104229962576005,2.84868474436102,8.81610484994714,122.994503308941,51.2526718430504
"312","IFITM1",642.088369962229,2.14451877527506,0.707350601915185,3.03176214096472,0.00243130707314393,0.0105152780623612,781.9639623271,1313.59962264212,165.273863821389,307.516031058302
"313","ZNF618",195.57989134269,-2.61901676045882,0.864031922907982,-3.03115740405085,0.00243618211215326,0.0105152780623612,27.0625050714297,82.8713855895031,320.938782071768,351.44689263806
"314","CCL22",155669.474739864,2.10977745300121,0.69650021048408,3.02911244138014,0.00245273376658388,0.0105530041995376,302498.984318952,203052.526903982,35612.674075281,81513.71366124
"315","SOX5",1041.74521639432,2.33106870492836,0.771374007002182,3.02196947754006,0.00251135869501081,0.0107709384030463,2482.62875471063,992.693406104048,445.855074494911,245.803630267691
"316","VPREB3",680.986941252878,-2.24523295731596,0.745135713014086,-3.01318661567563,0.00258519892113045,0.0110525434887571,145.282921962412,329.722321388023,849.430788477373,1399.5117331837
"317","CCDC126",1427.84670868687,2.12850441813544,0.707567908515241,3.00819807190222,0.00262801792980332,0.0112001647418432,2001.20103291362,2648.35789692412,317.095203843363,744.732701066365
"318","DCAF12",306.282934510096,2.89109321268845,0.961709944873359,3.00620080732258,0.00264534239304061,0.0112385458270373,608.194192921078,472.543219957167,23.0614693704264,121.332855791711
"319","ADGRB2",66.2608981001619,-3.75127688215358,1.24896280347964,-3.00351369288377,0.00266881539044244,0.0113027259952594,12.8190813496246,5.28966290996828,199.866067877029,47.0687802640259
"320","DAB2IP",219.032228178694,2.90556243037468,0.969343814294888,2.99745290321806,0.00272245921002656,0.0114580759898626,357.509935417308,414.356927947515,86.480510139099,17.7815392108542
"321","GCSAM",2921.65041124595,2.41181921123436,0.804387775752386,2.99832901982934,0.00271464430356902,0.0114580759898626,2978.29990022945,6860.69279422886,515.03948260619,1332.56946791931
"322","IL1R2",17.9220979654522,7.10389000082407,2.37588907022005,2.98999228956684,0.00278984489256948,0.0117052187883893,47.0032982819569,24.685093579852,0,0
"323","UHRF1",332.324455897998,4.39295614395335,1.47039996418294,2.9875926625137,0.00281184041546662,0.011760979570574,636.681040364688,632.996328226205,0,59.6204550010995
"324","COLCA2",67.499430069069,4.27371365873937,1.4328337195499,2.98270036531657,0.00285717562254023,0.0118854568927574,111.09870503008,146.347340509122,0,12.5516747370736
"325","EEPD1",241.558317496856,2.34779390755032,0.787194128959188,2.98248401655958,0.0028591957736093,0.0118854568927574,344.690854067684,461.96389413723,111.463768623728,48.114753158782
"326","HIST1H3J",244.883636093528,2.58922007446272,0.873711734776346,2.9634717852628,0.00304189947152713,0.0125676030153919,437.273108259417,403.777602127579,30.7486258272352,107.735208159881
"327","TMEM132A",131.640914686963,-2.19633710863621,0.740995428423109,-2.96403597699675,0.00303632785983599,0.0125676030153919,48.4276406541374,45.8437452197251,221.005748133253,211.286524740738
"328","MELK",25.0743700455268,5.33352778132133,1.80263097159054,2.95874633542734,0.00308893251841787,0.0127230116840931,54.1250101428594,44.0805242497357,0,2.09194578951226
"329","GPR68",44.4700440807344,3.95530121278571,1.33802430271944,2.95607576390565,0.0031158054272489,0.0127946903714689,118.220416890982,49.370187159704,1.9217891142022,8.36778315804905
"330","CENPE",164.436487479071,2.2660794298336,0.767222518230698,2.9536143374147,0.00314076237617632,0.0128580908188309,294.838871041366,250.377377738499,40.3575713982462,72.172129738173
"331","RPL23AP7",586.529506069147,1.84845813137431,0.626324243606547,2.95127986860349,0.00316460030847521,0.0129165408361027,809.02646739853,1027.95782550384,203.709646105433,305.42408526879
"332","PMEPA1",2097.06808452231,-1.55095776643104,0.526496052395592,-2.94581081733487,0.0032210934280879,0.0131075217510444,1071.10546387974,1063.22224490362,3165.18667109102,3088.75795821485
"333","HSPA1A",1058.48195625467,2.92795037860729,0.994638452548116,2.94373334462016,0.00324279264375287,0.0131561947799103,2089.51025998881,1653.90126985008,59.5754625402682,430.940832639526
"334","FGF9",238.161113683487,2.52691629374053,0.861331093056693,2.93373397768912,0.00334911119178669,0.0135468539524066,282.019789691741,530.729511966818,38.435782284044,101.459370791345
"335","SNX29P1",298.35849611006,-1.96315863645852,0.670188947974864,-2.92926143051251,0.00339768521787793,0.0137023066547853,94.0065965639137,149.873782449101,474.681911207944,474.871694219283
"336","N4BP3",1195.45608974878,-1.72872460681117,0.591832082666369,-2.92097143335452,0.00348941821201988,0.0140303690608299,438.697450631597,670.023968595983,1764.20240683762,1908.90053292994
"337","CLEC10A",16.3958289485833,6.974611525128,2.40453522956788,2.90060691952573,0.00372440753978301,0.0149307851223942,35.6085593045128,29.9747564898203,0,0
"338","ACSM1",23.6602735549887,-5.89852585030915,2.03769438036077,-2.89470585341891,0.00379513977563827,0.0151245835896381,1.42434237218051,0,57.653673426066,35.5630784217084
"339","FAM43A",768.977510091114,-1.91630474512268,0.661938719193172,-2.89498814551661,0.00379172851661227,0.0151245835896381,262.078996481214,382.618950487706,893.631938104023,1537.58015529151
"340","C3AR1",24.8397634787486,-5.9088048101559,2.05245343969776,-2.87889834471763,0.00399066945107489,0.0157406306209148,0,1.76322096998943,67.262618997077,30.3332139479278
"341","CDC20",142.760224490635,2.07913461880549,0.722223450348174,2.87879688454199,0.00399195346778542,0.0157406306209148,237.865176154145,223.929063188657,53.8100951976616,55.4365634220749
"342","JCHAIN",6268.9511554011,2.2901331904536,0.795230433555113,2.87983594920463,0.00397882144564399,0.0157406306209148,7661.53761995897,13158.9180990311,1035.84433255499,3219.50457005937
"343","PDE4D",1770.49656312064,-2.26302949923438,0.786196820034776,-2.87845160596589,0.00399632590893691,0.0157406306209148,468.608640447388,752.895354185486,1477.85582882149,4382.62642902819
"344","RRBP1",1036.45871384255,2.4338396368524,0.847679869381162,2.87117781696196,0.00408945414889592,0.0160606178929023,1461.3752738572,2038.28344130778,132.603448879952,513.57269132526
"345","LINC00426",623.577516664975,-2.34676666809156,0.818746200702787,-2.86629320060009,0.00415309401837005,0.0162632754168636,128.190813496246,282.115355198308,597.676414516885,1486.32748344846
"346","TCL1B",62.5940770057724,-3.04224867847572,1.06246563703052,-2.86338548037984,0.00419140296975983,0.0163658537923281,11.3947389774441,15.8689887299048,67.262618997077,155.849961318663
"347","TCP11L2",2178.44611858053,-1.72681505673284,0.604839776747231,-2.85499585695154,0.00430373903541001,0.016756056013945,1083.92454522937,938.033556034375,2507.93479403387,4183.89157902452
"348","LRP4",16.3614149581108,6.96984963730969,2.44213240781288,2.85400153366448,0.00431723229044201,0.0167602897252504,21.3651355827077,44.0805242497357,0,0
"349","PRR5L",272.4708944691,2.04056077715151,0.716941119684297,2.84620413186799,0.00442438226320546,0.0171270499644429,371.753359139113,504.281197416976,136.447027108356,77.4019942119537
"350","ANAPC11",880.312956239429,3.08239225960909,1.0883180608804,2.83225315319638,0.00462212387900387,0.0178413981729549,1609.50688056398,1541.05512777076,30.7486258272352,339.941190795743
"351","IRS2",685.427482872508,-2.0142730273817,0.711585988458599,-2.83068112645798,0.00464490033270596,0.0178782346139195,246.411230387228,297.984343928213,676.469768199175,1520.84458897541
"352","MCOLN2",1554.19610517621,1.60204600315537,0.569605967139398,2.8125512996308,0.00491501828124416,0.0188641752782979,2568.08929704146,2108.81228010736,659.173666171355,880.709177384662
"353","CCL24",25.7066777859267,-5.05925280162743,1.80121708082166,-2.80879681605038,0.00497270196731374,0.0189777411238442,2.84868474436102,0,40.3575713982462,59.6204550010995
"354","PDGFA",101.21831835235,2.32888552986593,0.828969993264815,2.80937253312855,0.00496381712473059,0.0189777411238442,203.680959221813,134.004793719196,32.6704149414374,34.5171055269523
"355","ECE2",224.241233150575,4.11689316839722,1.46757254270586,2.80523997867024,0.00502791302119668,0.0191343957510894,441.546135375958,407.304044067558,0,48.114753158782
"356","CAV1",197.466391969217,-2.2087252641888,0.789012010016854,-2.79935569566504,0.00512046978581397,0.0194318951703221,52.7006677706789,88.1610484994714,230.614693704264,418.389157902452
"357","FHDC1",107.13607593602,4.0242632946562,1.44167430670726,2.79138171217567,0.00524835371663595,0.0198614170060929,219.348725315799,185.13820184889,0,24.057376579391
"358","CXCL9",15.2256455247594,6.86677349982926,2.46090168414234,2.79034857185789,0.00526513229749221,0.0198692562399776,25.6381626992492,35.2644193997886,0,0
"359","ZCCHC18",126.638317147464,-2.57229862732132,0.927213323862098,-2.7742252630786,0.00553333489931268,0.0208232185208118,25.6381626992492,47.6069661897145,126.838081537345,306.470058163546
"360","HMMR",199.49293405159,1.96932228087516,0.710415572601782,2.77207082280422,0.00557009162212407,0.0208454121370904,334.72045746242,301.510785868192,63.4190407686726,98.3214521070763
"361","TFPI2",1030.45777102348,3.13610674749812,1.13123802625108,2.7722784018242,0.00556654056725648,0.0208454121370904,3301.62561871442,398.487939217611,328.625938528576,93.0915876332956
"362","CDCA5",112.852459621803,2.37566785263737,0.858214899525549,2.76815032452911,0.00563754459532778,0.0209816053671841,192.286220244369,186.901422818879,23.0614693704264,49.1607260535381
"363","P2RY14",367.908440221715,-2.72991895069929,0.986062853492006,-2.76850399650657,0.00563142949659835,0.0209816053671841,62.6710643759425,130.478351779218,221.005748133253,1057.47859659845
"364","CHST15",2393.11148213671,-1.53042280300534,0.553052307201972,-2.76722975942027,0.00565348955112911,0.0209831439109215,1303.27327054517,1158.43617728305,3069.09721538091,4041.63926533769
"365","LOC728989",346.211679262652,-1.93731867394042,0.702747065065812,-2.75677945913441,0.00583737078323268,0.0216062682962941,152.404633823315,134.004793719196,718.749128711623,379.688160796475
"366","HIST1H4A",338.706590915317,2.89394846623117,1.05307526466403,2.74809271790696,0.00599430555576115,0.0221265213274134,601.072481060176,594.205466886437,17.2961020278198,142.252313686834
"367","IL5RA",168.100904950635,4.04536750950347,1.47415484163974,2.74419443279358,0.00606595981101339,0.0223300046449022,400.240206582723,234.508389008594,0,37.6550242112207
"368","LYST",8077.94763091357,-1.50078453388013,0.548212245339721,-2.73759761230819,0.00618897502272825,0.0227209381948529,3787.32636762798,4649.61369786212,10437.2366792322,13437.613778932
"369","GRTP1",19.8259559270551,-7.08171490725725,2.59507061860561,-2.72891028725161,0.00635439883995634,0.023214772358782,0,0,73.0279863396836,6.27583736853678
"370","RCSD1",8663.93715847755,-1.51026158922769,0.553466679620187,-2.72873082488741,0.00635785771484037,0.023214772358782,3904.12244214678,5100.99826617941,11350.0865084782,14300.5414171058
"371","CABLES1",737.552425849238,-2.11420410480245,0.776568324975102,-2.72249593088957,0.00647908313325814,0.023404388537518,190.861877872188,363.223519817822,711.061972254814,1685.06233345213
"372","MPP7",629.846656489005,-1.55362760167882,0.570526182538679,-2.7231486463349,0.00646629561674492,0.023404388537518,326.174403229337,313.853332658118,1007.01749584195,872.341394226613
"373","PEG10",15463.0133422965,3.4431895266856,1.26391663339519,2.72422202201449,0.00644531619883027,0.023404388537518,3402.75392713924,53242.2204098008,907.084461903439,4299.99457034245
"374","TGM2",2164.32400958639,2.66443697028284,0.977786974572287,2.72496672544482,0.00643079677098349,0.023404388537518,3300.20127634224,4178.83369887494,147.977761793569,1030.28330133479
"375","SLC25A53",368.129519047831,-1.69554807944633,0.623471645442864,-2.71952716990353,0.0065375323939164,0.0235525500378162,193.710562616549,153.40022438908,614.972516544704,510.434772640992
"376","GBA3",14.2593153903125,6.77261455730785,2.50165273773906,2.70725606921319,0.00678419064136641,0.0243761743523564,27.0625050714297,29.9747564898203,0,0
"377","HMCES",316.350244992605,-1.93403764097378,0.715009032113248,-2.70491358026294,0.0068322161284397,0.0244468592884289,88.3092270751917,174.558876028953,466.994754751135,535.538122115139
"378","MIR5195",301.595296540284,-1.69531088334839,0.626840595791088,-2.70453269097684,0.00684005389417182,0.0244468592884289,129.615155868426,155.16344535907,447.776863609113,473.825721324527
"379","ARHGAP20",397.247546273708,1.6825171564741,0.62354758649195,2.69829792131803,0.00696950372942431,0.0248437982544914,552.644840406038,659.444642776046,161.430285592985,215.470416319763
"380","ITGB8",55.4214078396503,-3.11826045214845,1.15928277284266,-2.6898186751298,0.0071490852339692,0.02541687934498,7.12171186090255,15.8689887299048,142.212394450963,56.4825363168311
"381","DGKG",313.707029288025,2.17763233720306,0.810803483122904,2.68577082182189,0.00723627043154172,0.0256593211365167,485.700748913554,543.072058756744,57.653673426066,168.401636055737
"382","PHPT1",1249.00476865486,2.87582404426606,1.07358490935778,2.67871131495912,0.00739060818640973,0.026069743237179,2257.58265990611,2140.55025756717,51.8883060834594,545.9978510627
"383","RASL11A",86.6060067417414,3.98468227427487,1.4872712484828,2.67919001213782,0.00738005013664163,0.026069743237179,109.674362657899,216.8761793087,0,19.8734850003665
"384","LIMS2",314.164659444889,4.065881139683,1.52046370677955,2.67410601223414,0.00749287611408069,0.0263616552867787,467.184298075207,719.394155755686,0,70.0801839486608
"385","TMEM220-AS1",41.2648697628551,-3.27831555734995,1.23421197969566,-2.65620137487105,0.00790264081252974,0.0277310850330589,9.97039660526358,5.28966290996828,103.776612166919,46.0228073692697
"386","BMP3",61.6681339109361,-3.14051508891723,1.1856562862908,-2.64875674782783,0.00807884577001937,0.0282028956984397,4.27302711654153,21.1586516398731,88.4022992533013,132.838557634029
"387","OPA1-AS1",19.7834167582276,-7.07872891938192,2.6717777754033,-2.64944524374352,0.00806240358796396,0.0282028956984397,0,0,74.9497754538858,4.18389157902452
"388","AURKA",222.404603593223,1.75810485407585,0.664331351339825,2.64642764567727,0.00813469054210391,0.0283246570164495,331.871772718059,354.407414967875,113.38555773793,89.9536689490272
"389","MVB12B",260.665403435017,-1.75532268573706,0.664732792934392,-2.64064403681422,0.00827486100291011,0.0287386560795156,116.796074518802,121.662246929271,332.469516756981,471.733775535015
"390","ARHGEF4",59.780926383866,-4.48845639247582,1.70389133457035,-2.63423864034594,0.00843261968462219,0.0290865970369259,9.97039660526358,0,199.866067877029,29.2872410531717
"391","FXYD7",46.5078627775168,-3.22117669052116,1.22302276261912,-2.63378310606661,0.00844394083882523,0.0290865970369259,14.2434237218051,3.52644193997886,96.08945571011,72.172129738173
"392","HIST1H2BM",143.754597759705,3.89159556932527,1.47795703626401,2.63309113447741,0.00846116405293255,0.0290865970369259,319.052691368434,220.402621248678,0,35.5630784217084
"393","MAP3K8",3576.35878734661,1.39111396354278,0.527853781501852,2.63541535988389,0.00840343809192887,0.0290865970369259,4788.63905527088,5568.25182322661,1925.63269243061,2022.91157845836
"394","BRCA1",625.713495680861,1.55167650424926,0.590183815589291,2.62914106294143,0.00856008445463902,0.029277655944854,905.881748706805,960.955428644238,270.97226510251,365.04454026989
"395","HMGN2P46",221.446839902364,3.04392207136415,1.15743654345568,2.62988246619216,0.00854143927966475,0.029277655944854,307.65795239099,481.359324807114,88.4022992533013,8.36778315804905
"396","LINC01013",91.9865004586515,3.85812014966674,1.47113098054244,2.62255380431467,0.00872734863558538,0.0297743636532219,150.980291451134,193.954306698837,0,23.0114036846349
"397","YPEL1",335.588391827374,-1.75680527029857,0.670389730117366,-2.62057306574641,0.0087782117123946,0.0298724534595595,118.220416890982,188.664643788869,461.229387408528,574.239119221116
"398","GRAMD1C",420.042761330263,-1.56319608087301,0.597299742575693,-2.61710489633253,0.00886790850095258,0.030101870313535,230.743464293243,193.954306698837,622.659673001513,632.813601327459
"399","FANCI",580.236927484298,1.75313402883453,0.670797693988914,2.61350634408039,0.00896184198790058,0.0303444825204353,861.727135169209,929.217451184428,180.648176735007,349.354946848548
"400","MYADM",1084.80737395184,1.8520721587054,0.710386222238448,2.60713412046403,0.00913035894663676,0.0308377873422657,1424.34237218051,1974.80748638816,286.346578016128,653.733059222582
"401","CHRNG",24.2838571512165,-7.37585159326301,2.83647598880287,-2.60035749372798,0.00931266890704087,0.031375101479831,0,0,96.08945571011,1.04597289475613
"402","ASB14",33.2908908909459,-5.35010020156492,2.06254210284953,-2.59393502521642,0.00948844166291405,0.0318877728522311,1.42434237218051,1.76322096998943,126.838081537345,3.13791868426839
"403","PLEKHA7",872.266820597986,1.91871287656235,0.740959049245272,2.5894992152626,0.00961156419120808,0.0322213975740003,1978.41155495873,781.106889705316,313.251625614959,416.29721211294
"404","POTEE",180.123534354964,3.39852326943591,1.31542021152197,2.58360274509067,0.00977743398056119,0.0326963200686588,350.388223556406,308.56366974815,1.9217891142022,59.6204550010995
"405","DLEU7-AS1",21.9699549170959,-5.7895872105908,2.24837333677601,-2.57501150538132,0.0100236752273437,0.0334370005731884,1.42434237218051,0,74.9497754538858,11.5057018423174
"406","BAALC",20.7017721465012,-7.14470485777875,2.7774431838416,-2.57240360463346,0.0100995076406368,0.0336069823214292,0,0,80.7151427964924,2.09194578951226
"407","PPM1J",42.6862127274687,-3.99182404757963,1.55382938095961,-2.56902340533319,0.0101985569010587,0.0338531950204675,1.42434237218051,8.81610484994714,136.447027108356,24.057376579391
"408","MTRNR2L3",23.3229625941154,-7.31748691331257,2.85042723954652,-2.5671544292696,0.0102536935769234,0.0339527941726067,0,0,92.2458774817056,1.04597289475613
"409","CEP55",25.393503203528,4.39106666117295,1.71816379107946,2.5556740771578,0.0105982335230912,0.0350078569430224,42.7302711654153,54.6598500696723,0,4.18389157902452
"410","CHL1",525.138500933209,-1.86784785304148,0.731758752213378,-2.55254596872497,0.010693879693829,0.0352376377228367,319.052691368434,132.241572749207,853.274366705777,795.985372909415
"411","TLR4",251.148197311406,1.87317356009988,0.735116917685621,2.54813012057622,0.0108302066717032,0.0356000224172045,414.483630304529,373.802845637759,144.134183565165,72.172129738173
"412","CEACAM1",157.451779894247,-1.96153586383322,0.771692749314,-2.54186120781481,0.0110263948644547,0.0360693933701653,82.6118575864696,45.8437452197251,232.536482818466,268.815033952326
"413","TTC21A",303.73948889298,-1.67053768016134,0.657091645086721,-2.54232068335136,0.011011908885562,0.0360693933701653,173.769769406022,116.372584019302,482.369067664752,442.446534481843
"414","EQTN",14.6261142006541,-6.64287045786836,2.62332145030676,-2.53223654961979,0.0113337502762046,0.0368074438056549,0,0,48.044727855055,10.4597289475613
"415","NID2",31.362484877817,-5.16600578383859,2.03884561104301,-2.53378958949021,0.0112836462643223,0.0368074438056549,0,3.52644193997886,111.463768623728,10.4597289475613
"416","SYBU",172.17521715046,-2.05831421128115,0.812581919575704,-2.53305440558647,0.0113073401241993,0.0368074438056549,78.3388304699281,54.6598500696723,374.748877269429,180.953310792811
"417","HIST1H1B",985.662718106172,1.95841452960695,0.774678023532508,2.52803677155657,0.0114702337883595,0.0371613569498171,1592.41477209781,1544.58156971074,197.944278762827,607.710251853312
"418","AICDA",144.060670981985,2.61863909245291,1.03678740569642,2.5257242497983,0.0115460067231436,0.0373173566578157,121.069101635343,373.802845637759,61.4972516544704,19.8734850003665
"419","KLHL14",2616.42372641179,-1.47590110994302,0.585463050015211,-2.52091248099206,0.0117050960850971,0.0377412525321387,1633.72070089105,1133.7510837032,3309.32085465619,4388.90226639672
"420","PLEKHA1",1260.6882777159,-1.48739930144062,0.591229595440799,-2.51577274363552,0.0118771739418698,0.0381568182228141,525.582335334609,800.5023203752,1756.51525038081,1960.15320477299
"421","TLE6",15.317699449544,5.48646396289238,2.1811683802791,2.5153784606901,0.0118904666704698,0.0381568182228141,28.4868474436102,31.7379774598097,0,1.04597289475613
"422","HRASLS",36.0335458912913,-7.94730335956843,3.16236181956988,-2.51309110500498,0.0119678424064223,0.0383141115902286,0,0,144.134183565165,0
"423","OBSCN",1231.53053880528,-1.37257195809289,0.548080412093149,-2.5043258759257,0.0122684976929185,0.0391837834116618,739.233691161685,632.996328226205,1858.37007343353,1695.52206239969
"424","KIF23",37.0704229039293,3.96358604023106,1.58550108194296,2.49989488204819,0.0124230162138911,0.0395837143985067,64.095406748123,75.8185017095454,0,8.36778315804905
"425","LINC01033",20.9665211911673,-5.7214957880154,2.29422893083701,-2.49386437033902,0.0126360817483335,0.0401678739811729,1.42434237218051,0,73.0279863396836,9.41375605280518
"426","HBG1",35.0726513341902,-7.90826586539321,3.17363571052526,-2.49186314584428,0.0127074989799106,0.0403000730560076,0,0,140.290605336761,0
"427","FSD1",31.1214329114221,4.1176461233938,1.65504402807912,2.48793751316261,0.0128486306056259,0.0406522247030457,44.1546135375958,74.055280739556,0,6.27583736853678
"428","EOMES",12.2419354719664,6.5539215345433,2.64240449711013,2.48028700439732,0.0131276668915475,0.0413414404906308,31.3355321879712,17.6322096998943,0,0
"429","ZWINT",86.2902600193865,2.5912604202221,1.04446677900332,2.48094096654258,0.0131036072614889,0.0413414404906308,138.16121010151,158.689887299048,9.608945571011,38.7009971059768
"430","TCTN1",568.93485609793,-1.50123643285554,0.606768559264847,-2.47415000321444,0.0133553608512902,0.0418633236893112,273.473735458658,320.906216538076,703.374815798006,977.984656596982
"431","ZBP1",184.824578853866,-1.68393490879486,0.68057343551798,-2.4742883293898,0.0133501904883055,0.0418633236893112,92.5822541917332,82.8713855895031,270.97226510251,292.872410531717
"432","ALPK2",21.5711540493877,4.56112685903416,1.84448061930968,2.47285160455696,0.0134039788047614,0.0419184614935941,28.4868474436102,54.6598500696723,0,3.13791868426839
"433","TIMP1",177.907663502396,1.87619444825871,0.758995123493264,2.47194532637252,0.0134380066117197,0.0419278220148574,341.842169323323,216.8761793087,92.2458774817056,60.6664278958556
"434","NRG4",17.7213884591225,-4.42029877067298,1.78921701536373,-2.4705213133547,0.0134916279050015,0.0419981320268594,1.42434237218051,1.76322096998943,26.9050475988308,40.7929428954891
"435","LOC100130992",133.092213244998,-1.9090062830516,0.773244145556038,-2.46882733483722,0.0135556609204739,0.0421004549507131,64.095406748123,47.6069661897145,245.989006617882,174.677473424274
"436","PAK3",13.8701311335238,6.73540541178619,2.73148530377834,2.46583988662484,0.0136692421009026,0.0423558396291729,48.4276406541374,7.05288387995771,0,0
"437","ELOVL6",87.0109885986517,2.64243547363143,1.07472172829141,2.45871596718564,0.0139434883424009,0.0429984256104436,106.825677913538,193.954306698837,9.608945571011,37.6550242112207
"438","REPS2",272.148722508641,-1.66438144913563,0.677026673493316,-2.45836909282727,0.0139569649528229,0.0429984256104436,116.796074518802,144.584119539133,332.469516756981,494.74517921965
"439","RGAG4",85.1386139982583,-2.30235090314813,0.936684205158069,-2.45797985112773,0.0139721012901441,0.0429984256104436,17.0921084661661,40.5540823097568,147.977761793569,134.930503423541
"440","SPOCK2",6703.44482400821,-1.30044626581704,0.529704296426236,-2.45504194432776,0.0140868150747497,0.0432529253772427,3583.64540840616,4159.43826820506,8830.62097975911,10240.0746396625
"441","TNIK",241.095846993987,-1.97942869331321,0.808426618841204,-2.44849519694257,0.014345434261247,0.0439471240066772,82.6118575864696,112.846142079323,222.927537247455,545.9978510627
"442","MAD2L1",152.947775337087,1.84909516680164,0.755506459583936,2.44749087627914,0.0143854767271558,0.0439700883673924,267.776365969936,211.586516398731,51.8883060834594,80.5399128962221
"443","C6orf223",67.7240630666002,3.77704451120847,1.54473762948569,2.44510422942569,0.0144810285398256,0.044076407852624,173.769769406022,79.3449436495242,0,17.7815392108542
"444","TPRG1",12.5464000793029,6.58607573791502,2.69369964437008,2.44499261514926,0.0144855107968653,0.044076407852624,11.3947389774441,38.7908613397674,0,0
"445","KIAA2022",152.026812886919,-1.83772992437363,0.752153084108944,-2.44329241373881,0.014553939675017,0.0441851067437034,79.7631728421086,52.8966290996828,265.206897759904,210.240551845982
"446","CENPI",137.369376957356,2.27257137374592,0.930541304641056,2.44220365330536,0.0145979091228868,0.0442192269619283,239.289518526326,216.8761793087,21.1396802562242,72.172129738173
"447","GPR18",844.25413145,1.96964186270103,0.807091830508909,2.44041853509913,0.0146702543361888,0.0443389566178771,1167.96074518802,1523.42291807087,159.508496478783,526.124366062334
"448","FCRL1",2521.65476672589,-1.34188747743487,0.550504887331017,-2.4375577916132,0.0147868504022357,0.0444922826134085,1391.58249762036,1461.71018412124,4129.92480642053,3103.40157874144
"449","LOC728743",464.650663137532,-1.53752856368861,0.6306705988319,-2.43792649686913,0.0147717772848005,0.0444922826134085,250.68425750377,225.692284158647,549.631686661829,832.59442422588
"450","GFOD1",880.39922919454,-1.56854879218309,0.644157640835933,-2.43503871218163,0.0148901965668801,0.0447036790263444,568.312606500024,319.142995568086,1460.55972679367,1173.58158791638
"451","MIR1271",67.5311124528676,-3.99374536222243,1.64217703386046,-2.43198222839218,0.0150164440843775,0.0448832211460043,7.12171186090255,8.81610484994714,247.910795732084,6.27583736853678
"452","ODF3B",115.229441470785,2.04476673739406,0.840517752114525,2.43274664009172,0.0149847820941708,0.0448832211460043,209.378328710535,162.216329239027,30.7486258272352,58.5744821063433
"453","ADGRF2",32.1899676628869,-7.78439357932101,3.21109128969795,-2.42422057706533,0.0153412842020025,0.0457529248496808,0,0,128.759870651547,0
"454","FCRLA",5222.78496280754,-1.27915766474954,0.528391452958202,-2.420852301051,0.0154841671677175,0.0460157382418997,3073.73083916554,3022.16074256188,8092.65395990547,6702.59430959729
"455","MYB",72.1024911580996,-2.17001135396035,0.896499332684346,-2.42053872752229,0.0154975284234377,0.0460157382418997,24.2138203270687,28.2115355198308,134.525237994154,101.459370791345
"456","CYB561",343.756649530163,2.0922379701333,0.864833031772272,2.41923919793599,0.0155530091290868,0.0460792002925356,702.200789484992,412.593706977526,61.4972516544704,198.734850003665
"457","NMT2",701.596481613132,-1.67007608479666,0.690856409154299,-2.41739971239619,0.0156318408961431,0.0462114158658409,350.388223556406,320.906216538076,682.235135541781,1452.85635081627
"458","PDE4A",229.661003737147,2.08443666100919,0.865964988758319,2.40706805479284,0.0160811728529683,0.0474359487431445,361.78296253385,382.618950487706,40.3575713982462,133.884530528785
"459","RGS9",134.21265787492,2.13774030498291,0.888819844591113,2.40514466232057,0.0161660649751612,0.0475824701120758,188.013193127827,248.614156768509,73.0279863396836,27.1952952636594
"460","YPEL2",1693.38157109528,-1.28607953295033,0.536352244285712,-2.3978263289698,0.0164926828435543,0.0484382924383518,1021.25348085343,948.612881854312,2261.94578741599,2541.7141342574
"461","COL9A3",155.573284172673,-3.13708629147681,1.31237637189621,-2.39038614124403,0.0168306668540452,0.0493237113228092,5.69736948872204,58.1862920096511,96.08945571011,462.32001948221
"462","NUSAP1",389.696910356673,1.80993207083306,0.757620235838865,2.38897007394349,0.0168956785449453,0.0494070599874916,596.799453943634,617.1273394963,98.0112448243123,246.849603162447
"463","IFIT1",25.8246760037357,-4.41504847500556,1.84877779542054,-2.38809038378853,0.0169361760440135,0.0494185180031581,2.84868474436102,1.76322096998943,7.6871564568088,90.9996418437834
"464","EFR3B",53.9921671630204,3.98223265636418,1.66835551391932,2.38692090692893,0.016990146085814,0.049469153797273,119.644759263163,82.8713855895031,13.4525237994154,0
